class_id,class_name,family,brain_state,priority,concrete_source_count,next_acquisition,gate_next_state,missing_validated_gates,expected_fields,confusables
accounting.autofattura,autofattura,accounting,SCHEMA_READY,P1,2,"Esportare PDF e dati contabili dalla stessa chiusura/periodo; separare mastrino, libro mastro, prima nota e report di sintesi.",content_reviewed_unique_real_documents; normalized_text_dedupe; template_or_near_duplicate_check,25,document_number; issue_date; issuer_name; recipient_name; taxable_amount; tax_amount; total_amount; currency,accounting.fattura; accounting.nota_di_debito
accounting.bilancio_di_verifica,bilancio di verifica,accounting,SCHEMA_READY,P1,0,"Esportare PDF e dati contabili dalla stessa chiusura/periodo; separare mastrino, libro mastro, prima nota e report di sintesi.",content_reviewed_unique_real_documents; normalized_text_dedupe; template_or_near_duplicate_check,25,document_number; issue_date; issuer_name; recipient_name; taxable_amount; tax_amount; total_amount; currency,accounting.bilancio_esercizio; accounting.situazione_contabile
accounting.bilancio_esercizio,bilancio esercizio,accounting,PRETESTED,P1,4,"Esportare PDF e dati contabili dalla stessa chiusura/periodo; separare mastrino, libro mastro, prima nota e report di sintesi.",independent_unique_real_positive_documents; independent_layout_or_template_groups; independent_hard_negative_documents; competing_classes_represented; content_only_top1_accuracy; split_group_leakage; regression_contract_pass_rate,25,document_number; issue_date; issuer_name; recipient_name; taxable_amount; tax_amount; total_amount; currency,accounting.bilancio_di_verifica; privacy_gdpr.richiesta_esercizio_diritti_gdpr
accounting.documento_commerciale,documento commerciale,accounting,SCHEMA_READY,P1,3,"Esportare PDF e dati contabili dalla stessa chiusura/periodo; separare mastrino, libro mastro, prima nota e report di sintesi.",content_reviewed_unique_real_documents; normalized_text_dedupe; template_or_near_duplicate_check,25,document_number; issue_date; issuer_name; recipient_name; taxable_amount; tax_amount; total_amount; currency,accounting.ricevuta_fiscale; accounting.fattura
accounting.fattura,fattura,accounting,PRETESTED,P1,4,"Esportare PDF e dati contabili dalla stessa chiusura/periodo; separare mastrino, libro mastro, prima nota e report di sintesi.",independent_unique_real_positive_documents; independent_layout_or_template_groups; independent_hard_negative_documents; competing_classes_represented; content_only_top1_accuracy; split_group_leakage; regression_contract_pass_rate,25,document_number; issue_date; issuer_name; recipient_name; taxable_amount; tax_amount; total_amount; currency,accounting.fattura_proforma; customs_trade.fattura_doganale
accounting.fattura_proforma,fattura proforma,accounting,PRETESTED,P1,2,"Esportare PDF e dati contabili dalla stessa chiusura/periodo; separare mastrino, libro mastro, prima nota e report di sintesi.",independent_unique_real_positive_documents; independent_layout_or_template_groups; independent_hard_negative_documents; competing_classes_represented; content_only_top1_accuracy; split_group_leakage; regression_contract_pass_rate,25,document_number; issue_date; issuer_name; recipient_name; taxable_amount; tax_amount; total_amount; currency,accounting.fattura; customs_trade.fattura_doganale
accounting.libro_giornale,libro giornale,accounting,SCHEMA_READY,P1,1,"Esportare PDF e dati contabili dalla stessa chiusura/periodo; separare mastrino, libro mastro, prima nota e report di sintesi.",content_reviewed_unique_real_documents; normalized_text_dedupe; template_or_near_duplicate_check,25,document_number; issue_date; issuer_name; recipient_name; taxable_amount; tax_amount; total_amount; currency,accounting.libro_mastro; corporate_registry.libro_soci
accounting.libro_mastro,libro mastro,accounting,SCHEMA_READY,P1,0,"Esportare PDF e dati contabili dalla stessa chiusura/periodo; separare mastrino, libro mastro, prima nota e report di sintesi.",content_reviewed_unique_real_documents; normalized_text_dedupe; template_or_near_duplicate_check,25,document_number; issue_date; issuer_name; recipient_name; taxable_amount; tax_amount; total_amount; currency,accounting.libro_giornale; corporate_registry.libro_soci
accounting.mastrino_contabile,mastrino contabile,accounting,SCHEMA_READY,P1,0,"Esportare PDF e dati contabili dalla stessa chiusura/periodo; separare mastrino, libro mastro, prima nota e report di sintesi.",content_reviewed_unique_real_documents; normalized_text_dedupe; template_or_near_duplicate_check,25,document_number; issue_date; issuer_name; recipient_name; taxable_amount; tax_amount; total_amount; currency,accounting.situazione_contabile; accounting.scheda_contabile_fornitore
accounting.nota_di_credito,nota di credito,accounting,SCHEMA_READY,P1,3,"Esportare PDF e dati contabili dalla stessa chiusura/periodo; separare mastrino, libro mastro, prima nota e report di sintesi.",content_reviewed_unique_real_documents; normalized_text_dedupe; template_or_near_duplicate_check,25,document_number; issue_date; issuer_name; recipient_name; taxable_amount; tax_amount; total_amount; currency,accounting.prima_nota; accounting.nota_di_debito
accounting.nota_di_debito,nota di debito,accounting,SCHEMA_READY,P1,1,"Esportare PDF e dati contabili dalla stessa chiusura/periodo; separare mastrino, libro mastro, prima nota e report di sintesi.",content_reviewed_unique_real_documents; normalized_text_dedupe; template_or_near_duplicate_check,25,document_number; issue_date; issuer_name; recipient_name; taxable_amount; tax_amount; total_amount; currency,accounting.prima_nota; accounting.nota_di_credito
accounting.parcella_professionale,parcella professionale,accounting,SCHEMA_READY,P1,1,"Esportare PDF e dati contabili dalla stessa chiusura/periodo; separare mastrino, libro mastro, prima nota e report di sintesi.",content_reviewed_unique_real_documents; normalized_text_dedupe; template_or_near_duplicate_check,25,document_number; issue_date; issuer_name; recipient_name; taxable_amount; tax_amount; total_amount; currency,accounting.fattura; accounting.fattura_proforma
accounting.prima_nota,prima nota,accounting,SCHEMA_READY,P1,0,"Esportare PDF e dati contabili dalla stessa chiusura/periodo; separare mastrino, libro mastro, prima nota e report di sintesi.",content_reviewed_unique_real_documents; normalized_text_dedupe; template_or_near_duplicate_check,25,document_number; issue_date; issuer_name; recipient_name; taxable_amount; tax_amount; total_amount; currency,accounting.nota_di_debito; accounting.nota_di_credito
accounting.prospetto_fatture_da_emettere,prospetto fatture da emettere,accounting,PRETESTED,P1,0,"Esportare PDF e dati contabili dalla stessa chiusura/periodo; separare mastrino, libro mastro, prima nota e report di sintesi.",independent_unique_real_positive_documents; independent_layout_or_template_groups; independent_hard_negative_documents; competing_classes_represented; content_only_top1_accuracy; split_group_leakage; regression_contract_pass_rate,25,document_number; issue_date; issuer_name; recipient_name; taxable_amount; tax_amount; total_amount; currency,accounting.prospetto_ratei_risconti; vehicles_transport.prospetto_indennita_chilometrica
accounting.prospetto_ratei_risconti,prospetto ratei e risconti,accounting,SCHEMA_READY,P1,0,"Esportare PDF e dati contabili dalla stessa chiusura/periodo; separare mastrino, libro mastro, prima nota e report di sintesi.",content_reviewed_unique_real_documents; normalized_text_dedupe; template_or_near_duplicate_check,25,document_number; issue_date; issuer_name; recipient_name; taxable_amount; tax_amount; total_amount; currency,accounting.prospetto_fatture_da_emettere; vehicles_transport.prospetto_indennita_chilometrica
accounting.registro_iva_acquisti,registro IVA acquisti,accounting,SCHEMA_READY,P1,1,"Esportare PDF e dati contabili dalla stessa chiusura/periodo; separare mastrino, libro mastro, prima nota e report di sintesi.",content_reviewed_unique_real_documents; normalized_text_dedupe; template_or_near_duplicate_check,25,document_number; issue_date; issuer_name; recipient_name; taxable_amount; tax_amount; total_amount; currency,accounting.registro_iva_vendite; vehicles_transport.registro_carburante
accounting.registro_iva_vendite,registro IVA vendite,accounting,SCHEMA_READY,P1,1,"Esportare PDF e dati contabili dalla stessa chiusura/periodo; separare mastrino, libro mastro, prima nota e report di sintesi.",content_reviewed_unique_real_documents; normalized_text_dedupe; template_or_near_duplicate_check,25,document_number; issue_date; issuer_name; recipient_name; taxable_amount; tax_amount; total_amount; currency,accounting.registro_iva_acquisti; vehicles_transport.registro_carburante
accounting.ricevuta_fiscale,ricevuta fiscale,accounting,SCHEMA_READY,P1,3,"Esportare PDF e dati contabili dalla stessa chiusura/periodo; separare mastrino, libro mastro, prima nota e report di sintesi.",content_reviewed_unique_real_documents; normalized_text_dedupe; template_or_near_duplicate_check,25,document_number; issue_date; issuer_name; recipient_name; taxable_amount; tax_amount; total_amount; currency,accounting.fattura; accounting.documento_commerciale
accounting.riconciliazione_bancaria,riconciliazione bancaria,accounting,SCHEMA_READY,P1,0,"Esportare PDF e dati contabili dalla stessa chiusura/periodo; separare mastrino, libro mastro, prima nota e report di sintesi.",content_reviewed_unique_real_documents; normalized_text_dedupe; template_or_near_duplicate_check,25,document_number; issue_date; issuer_name; recipient_name; taxable_amount; tax_amount; total_amount; currency,payments_treasury.riconciliazione_pagamento; payments_treasury.riconciliazione_carte_aziendali
accounting.scheda_contabile_cliente,scheda contabile cliente,accounting,SCHEMA_READY,P1,0,"Esportare PDF e dati contabili dalla stessa chiusura/periodo; separare mastrino, libro mastro, prima nota e report di sintesi.",content_reviewed_unique_real_documents; normalized_text_dedupe; template_or_near_duplicate_check,25,document_number; issue_date; issuer_name; recipient_name; taxable_amount; tax_amount; total_amount; currency,accounting.scheda_contabile_fornitore; sales_crm.scheda_cliente
accounting.scheda_contabile_fornitore,scheda contabile fornitore,accounting,SCHEMA_READY,P1,0,"Esportare PDF e dati contabili dalla stessa chiusura/periodo; separare mastrino, libro mastro, prima nota e report di sintesi.",content_reviewed_unique_real_documents; normalized_text_dedupe; template_or_near_duplicate_check,25,document_number; issue_date; issuer_name; recipient_name; taxable_amount; tax_amount; total_amount; currency,accounting.scheda_contabile_cliente; procurement.vendor_scorecard
accounting.situazione_contabile,situazione contabile,accounting,SCHEMA_READY,P1,0,"Esportare PDF e dati contabili dalla stessa chiusura/periodo; separare mastrino, libro mastro, prima nota e report di sintesi.",content_reviewed_unique_real_documents; normalized_text_dedupe; template_or_near_duplicate_check,25,document_number; issue_date; issuer_name; recipient_name; taxable_amount; tax_amount; total_amount; currency,accounting.bilancio_esercizio; accounting.bilancio_di_verifica
assets_maintenance.contratto_manutenzione,contratto manutenzione,assets_maintenance,SCHEMA_READY,P2,0,"Abbinare ordine, asset/seriale, intervento e verbale; chiedere manuali e dichiarazioni all’emittente, report CMMS per le attività.",content_reviewed_unique_real_documents; normalized_text_dedupe; template_or_near_duplicate_check,25,document_number; issue_date; issuer_name; recipient_name,assets_maintenance.scheda_manutenzione; assets_maintenance.piano_manutenzione_preventiva
assets_maintenance.dichiarazione_conformita_ce,dichiarazione conformità CE,assets_maintenance,SCHEMA_READY,P2,0,"Abbinare ordine, asset/seriale, intervento e verbale; chiedere manuali e dichiarazioni all’emittente, report CMMS per le attività.",content_reviewed_unique_real_documents; normalized_text_dedupe; template_or_near_duplicate_check,25,document_number; issue_date; issuer_name; recipient_name,technical_products.epd_dichiarazione_ambientale_prodotto; technical_products.dichiarazione_prestazione_dop
assets_maintenance.manuale_uso_manutenzione,manuale uso manutenzione,assets_maintenance,SCHEMA_READY,P2,1,"Abbinare ordine, asset/seriale, intervento e verbale; chiedere manuali e dichiarazioni all’emittente, report CMMS per le attività.",content_reviewed_unique_real_documents; normalized_text_dedupe; template_or_near_duplicate_check,25,document_number; issue_date; issuer_name; recipient_name,assets_maintenance.scheda_manutenzione; assets_maintenance.piano_manutenzione_preventiva; vehicles_transport.revisione_veicolo
assets_maintenance.ordine_lavoro_manutenzione,ordine di lavoro manutenzione,assets_maintenance,SCHEMA_READY,P2,0,"Abbinare ordine, asset/seriale, intervento e verbale; chiedere manuali e dichiarazioni all’emittente, report CMMS per le attività.",content_reviewed_unique_real_documents; normalized_text_dedupe; template_or_near_duplicate_check,25,document_number; issue_date; issuer_name; recipient_name,assets_maintenance.scheda_manutenzione; assets_maintenance.piano_manutenzione_preventiva
assets_maintenance.piano_manutenzione_preventiva,piano manutenzione preventiva,assets_maintenance,SCHEMA_READY,P2,0,"Abbinare ordine, asset/seriale, intervento e verbale; chiedere manuali e dichiarazioni all’emittente, report CMMS per le attività.",content_reviewed_unique_real_documents; normalized_text_dedupe; template_or_near_duplicate_check,25,document_number; issue_date; issuer_name; recipient_name,assets_maintenance.scheda_manutenzione; assets_maintenance.ordine_lavoro_manutenzione
assets_maintenance.rapporto_assistenza_tecnica,rapporto assistenza tecnica,assets_maintenance,SCHEMA_READY,P2,0,"Abbinare ordine, asset/seriale, intervento e verbale; chiedere manuali e dichiarazioni all’emittente, report CMMS per le attività.",content_reviewed_unique_real_documents; normalized_text_dedupe; template_or_near_duplicate_check,25,document_number; issue_date; issuer_name; recipient_name,technical_products.scheda_tecnica_prodotto; technical_products.rapporto_prova_laboratorio
assets_maintenance.registro_cespiti,registro cespiti,assets_maintenance,SCHEMA_READY,P2,0,"Abbinare ordine, asset/seriale, intervento e verbale; chiedere manuali e dichiarazioni all’emittente, report CMMS per le attività.",content_reviewed_unique_real_documents; normalized_text_dedupe; template_or_near_duplicate_check,25,document_number; issue_date; issuer_name; recipient_name,assets_maintenance.registro_verifiche_periodiche; vehicles_transport.registro_carburante
assets_maintenance.registro_verifiche_periodiche,registro verifiche periodiche,assets_maintenance,SCHEMA_READY,P2,0,"Abbinare ordine, asset/seriale, intervento e verbale; chiedere manuali e dichiarazioni all’emittente, report CMMS per le attività.",content_reviewed_unique_real_documents; normalized_text_dedupe; template_or_near_duplicate_check,25,document_number; issue_date; issuer_name; recipient_name,assets_maintenance.registro_cespiti; vehicles_transport.registro_carburante
assets_maintenance.scheda_cespite,scheda cespite,assets_maintenance,SCHEMA_READY,P2,0,"Abbinare ordine, asset/seriale, intervento e verbale; chiedere manuali e dichiarazioni all’emittente, report CMMS per le attività.",content_reviewed_unique_real_documents; normalized_text_dedupe; template_or_near_duplicate_check,25,document_number; issue_date; issuer_name; recipient_name,assets_maintenance.verbale_trasferimento_cespite; assets_maintenance.verbale_dismissione_cespite
assets_maintenance.scheda_manutenzione,scheda manutenzione,assets_maintenance,SCHEMA_READY,P2,0,"Abbinare ordine, asset/seriale, intervento e verbale; chiedere manuali e dichiarazioni all’emittente, report CMMS per le attività.",content_reviewed_unique_real_documents; normalized_text_dedupe; template_or_near_duplicate_check,25,document_number; issue_date; issuer_name; recipient_name,assets_maintenance.scheda_cespite; assets_maintenance.piano_manutenzione_preventiva
assets_maintenance.verbale_collaudo_attrezzatura,verbale collaudo attrezzatura,assets_maintenance,SCHEMA_READY,P2,0,"Abbinare ordine, asset/seriale, intervento e verbale; chiedere manuali e dichiarazioni all’emittente, report CMMS per le attività.",content_reviewed_unique_real_documents; normalized_text_dedupe; template_or_near_duplicate_check,25,document_number; issue_date; issuer_name; recipient_name,assets_maintenance.verbale_trasferimento_cespite; assets_maintenance.verbale_messa_in_servizio
assets_maintenance.verbale_dismissione_cespite,verbale dismissione cespite,assets_maintenance,SCHEMA_READY,P2,0,"Abbinare ordine, asset/seriale, intervento e verbale; chiedere manuali e dichiarazioni all’emittente, report CMMS per le attività.",content_reviewed_unique_real_documents; normalized_text_dedupe; template_or_near_duplicate_check,25,document_number; issue_date; issuer_name; recipient_name,assets_maintenance.verbale_trasferimento_cespite; assets_maintenance.verbale_messa_in_servizio
assets_maintenance.verbale_messa_in_servizio,verbale messa in servizio,assets_maintenance,SCHEMA_READY,P2,0,"Abbinare ordine, asset/seriale, intervento e verbale; chiedere manuali e dichiarazioni all’emittente, report CMMS per le attività.",content_reviewed_unique_real_documents; normalized_text_dedupe; template_or_near_duplicate_check,25,document_number; issue_date; issuer_name; recipient_name,assets_maintenance.verbale_trasferimento_cespite; assets_maintenance.verbale_dismissione_cespite
assets_maintenance.verbale_trasferimento_cespite,verbale trasferimento cespite,assets_maintenance,SCHEMA_READY,P2,0,"Abbinare ordine, asset/seriale, intervento e verbale; chiedere manuali e dichiarazioni all’emittente, report CMMS per le attività.",content_reviewed_unique_real_documents; normalized_text_dedupe; template_or_near_duplicate_check,25,document_number; issue_date; issuer_name; recipient_name,assets_maintenance.verbale_dismissione_cespite; assets_maintenance.verbale_messa_in_servizio
banking.assegno_bancario,assegno bancario,banking,SCHEMA_READY,P2,0,PDF bancario originale + export transazioni autorizzato con periodo e stato; i movimenti non sostituiscono il contratto o la ricevuta.,content_reviewed_unique_real_documents; normalized_text_dedupe; template_or_near_duplicate_check,25,document_number; issue_date; issuer_name; recipient_name; account_identifier; transaction_date; amount; currency,banking.lettera_affidamento_bancario; banking.estratto_conto_bancario
banking.avviso_accredito,avviso di accredito bancario,banking,SCHEMA_READY,P2,1,PDF bancario originale + export transazioni autorizzato con periodo e stato; i movimenti non sostituiscono il contratto o la ricevuta.,content_reviewed_unique_real_documents; normalized_text_dedupe; template_or_near_duplicate_check,25,document_number; issue_date; issuer_name; recipient_name; account_identifier; transaction_date; amount; currency,banking.lettera_affidamento_bancario; banking.estratto_conto_bancario
banking.avviso_addebito_sdd,avviso di addebito SDD,banking,SCHEMA_READY,P2,1,PDF bancario originale + export transazioni autorizzato con periodo e stato; i movimenti non sostituiscono il contratto o la ricevuta.,content_reviewed_unique_real_documents; normalized_text_dedupe; template_or_near_duplicate_check,25,document_number; issue_date; issuer_name; recipient_name; account_identifier; transaction_date; amount; currency,banking.mandato_sdd; banking.contabile_bancaria
banking.comunicazione_variazione_tasso,comunicazione variazione tasso,banking,SCHEMA_READY,P2,0,PDF bancario originale + export transazioni autorizzato con periodo e stato; i movimenti non sostituiscono il contratto o la ricevuta.,content_reviewed_unique_real_documents; normalized_text_dedupe; template_or_near_duplicate_check,25,document_number; issue_date; issuer_name; recipient_name; account_identifier; transaction_date; amount; currency,insurance.apertura_sinistro; hse_health.comunicazione_infortunio
banking.contabile_bancaria,contabile bancaria,banking,SCHEMA_READY,P2,0,PDF bancario originale + export transazioni autorizzato con periodo e stato; i movimenti non sostituiscono il contratto o la ricevuta.,content_reviewed_unique_real_documents; normalized_text_dedupe; template_or_near_duplicate_check,25,document_number; issue_date; issuer_name; recipient_name; account_identifier; transaction_date; amount; currency,banking.fideiussione_bancaria; accounting.situazione_contabile
banking.conteggio_estintivo,conteggio estintivo,banking,SCHEMA_READY,P2,0,PDF bancario originale + export transazioni autorizzato con periodo e stato; i movimenti non sostituiscono il contratto o la ricevuta.,content_reviewed_unique_real_documents; normalized_text_dedupe; template_or_near_duplicate_check,25,document_number; issue_date; issuer_name; recipient_name; account_identifier; transaction_date; amount; currency,banking.piano_ammortamento_finanziamento; banking.rendiconto_factoring
banking.contratto_factoring,contratto di factoring,banking,SCHEMA_READY,P2,0,PDF bancario originale + export transazioni autorizzato con periodo e stato; i movimenti non sostituiscono il contratto o la ricevuta.,content_reviewed_unique_real_documents; normalized_text_dedupe; template_or_near_duplicate_check,25,document_number; issue_date; issuer_name; recipient_name; account_identifier; transaction_date; amount; currency,legal_corporate.cessione_credito; banking.distinta_cessione_crediti_factoring
banking.contratto_finanziamento_veicolo,contratto di finanziamento veicolo,banking,PRETESTED,P1,0,PDF bancario originale + export transazioni autorizzato con periodo e stato; i movimenti non sostituiscono il contratto o la ricevuta.,independent_unique_real_positive_documents; independent_layout_or_template_groups; independent_hard_negative_documents; competing_classes_represented; content_only_top1_accuracy; split_group_leakage; regression_contract_pass_rate,25,document_number; issue_date; issuer_name; recipient_name; account_identifier; transaction_date; amount; currency,banking.contratto_leasing_finanziario; sales_customers.conferma_ordine_cliente
banking.contratto_leasing_finanziario,contratto leasing finanziario,banking,PRETESTED,P1,0,PDF bancario originale + export transazioni autorizzato con periodo e stato; i movimenti non sostituiscono il contratto o la ricevuta.,independent_unique_real_positive_documents; independent_layout_or_template_groups; independent_hard_negative_documents; competing_classes_represented; content_only_top1_accuracy; split_group_leakage; regression_contract_pass_rate,25,document_number; issue_date; issuer_name; recipient_name; account_identifier; transaction_date; amount; currency,banking.contratto_mutuo_ipotecario; banking.contratto_mutuo_chirografario
banking.contratto_mutuo_chirografario,contratto di mutuo chirografario,banking,SCHEMA_READY,P2,0,PDF bancario originale + export transazioni autorizzato con periodo e stato; i movimenti non sostituiscono il contratto o la ricevuta.,content_reviewed_unique_real_documents; normalized_text_dedupe; template_or_near_duplicate_check,25,document_number; issue_date; issuer_name; recipient_name; account_identifier; transaction_date; amount; currency,banking.contratto_mutuo_ipotecario; banking.contratto_leasing_finanziario
banking.contratto_mutuo_ipotecario,contratto di mutuo ipotecario,banking,SCHEMA_READY,P2,0,PDF bancario originale + export transazioni autorizzato con periodo e stato; i movimenti non sostituiscono il contratto o la ricevuta.,content_reviewed_unique_real_documents; normalized_text_dedupe; template_or_near_duplicate_check,25,document_number; issue_date; issuer_name; recipient_name; account_identifier; transaction_date; amount; currency,banking.contratto_mutuo_chirografario; banking.contratto_leasing_finanziario
banking.disposizione_bonifico,disposizione bonifico,banking,SCHEMA_READY,P2,1,PDF bancario originale + export transazioni autorizzato con periodo e stato; i movimenti non sostituiscono il contratto o la ricevuta.,content_reviewed_unique_real_documents; normalized_text_dedupe; template_or_near_duplicate_check,25,document_number; issue_date; issuer_name; recipient_name; account_identifier; transaction_date; amount; currency,banking.ricevuta_bonifico; banking.richiesta_finanziamento
banking.distinta_cessione_crediti_factoring,distinta cessione crediti factoring,banking,SCHEMA_READY,P2,0,PDF bancario originale + export transazioni autorizzato con periodo e stato; i movimenti non sostituiscono il contratto o la ricevuta.,content_reviewed_unique_real_documents; normalized_text_dedupe; template_or_near_duplicate_check,25,document_number; issue_date; issuer_name; recipient_name; account_identifier; transaction_date; amount; currency,banking.rendiconto_factoring; banking.contratto_factoring
banking.documento_sintesi_linea_credito,documento di sintesi linea di credito,banking,PRETESTED,P1,0,PDF bancario originale + export transazioni autorizzato con periodo e stato; i movimenti non sostituiscono il contratto o la ricevuta.,independent_unique_real_positive_documents; independent_layout_or_template_groups; independent_hard_negative_documents; competing_classes_represented; content_only_top1_accuracy; split_group_leakage; regression_contract_pass_rate,25,document_number; issue_date; issuer_name; recipient_name; account_identifier; transaction_date; amount; currency,banking.lettera_affidamento_bancario; banking.richiesta_fido_aziendale
banking.estratto_conto_bancario,estratto conto bancario,banking,PRETESTED,P1,1,PDF bancario originale + export transazioni autorizzato con periodo e stato; i movimenti non sostituiscono il contratto o la ricevuta.,independent_unique_real_positive_documents; independent_layout_or_template_groups; independent_hard_negative_documents; competing_classes_represented; content_only_top1_accuracy; split_group_leakage; regression_contract_pass_rate,25,document_number; issue_date; issuer_name; recipient_name; account_identifier; transaction_date; amount; currency,banking.estratto_conto_carta_aziendale; payroll_contributions.estratto_conto_contributivo; banking.lista_movimenti_bancari; payments_treasury.ordine_pagamento
banking.estratto_conto_carta_aziendale,estratto conto carta aziendale,banking,PRETESTED,P1,0,PDF bancario originale + export transazioni autorizzato con periodo e stato; i movimenti non sostituiscono il contratto o la ricevuta.,independent_unique_real_positive_documents; independent_layout_or_template_groups; independent_hard_negative_documents; competing_classes_represented; content_only_top1_accuracy; split_group_leakage; regression_contract_pass_rate,25,document_number; issue_date; issuer_name; recipient_name; account_identifier; transaction_date; amount; currency,banking.estratto_conto_bancario; banking.lista_movimenti_bancari
banking.fideiussione_bancaria,fideiussione bancaria,banking,SCHEMA_READY,P2,0,PDF bancario originale + export transazioni autorizzato con periodo e stato; i movimenti non sostituiscono il contratto o la ricevuta.,content_reviewed_unique_real_documents; normalized_text_dedupe; template_or_near_duplicate_check,25,document_number; issue_date; issuer_name; recipient_name; account_identifier; transaction_date; amount; currency,banking.contabile_bancaria; accounting.riconciliazione_bancaria
banking.lettera_affidamento_bancario,lettera affidamento bancario,banking,SCHEMA_READY,P2,0,PDF bancario originale + export transazioni autorizzato con periodo e stato; i movimenti non sostituiscono il contratto o la ricevuta.,content_reviewed_unique_real_documents; normalized_text_dedupe; template_or_near_duplicate_check,25,document_number; issue_date; issuer_name; recipient_name; account_identifier; transaction_date; amount; currency,banking.estratto_conto_bancario; banking.avviso_accredito
banking.lista_movimenti_bancari,lista movimenti bancari,banking,SCHEMA_READY,P2,1,PDF bancario originale + export transazioni autorizzato con periodo e stato; i movimenti non sostituiscono il contratto o la ricevuta.,content_reviewed_unique_real_documents; normalized_text_dedupe; template_or_near_duplicate_check,25,document_number; issue_date; issuer_name; recipient_name; account_identifier; transaction_date; amount; currency,banking.estratto_conto_bancario; banking.estratto_conto_carta_aziendale
banking.mandato_sdd,mandato SDD,banking,SCHEMA_READY,P2,0,PDF bancario originale + export transazioni autorizzato con periodo e stato; i movimenti non sostituiscono il contratto o la ricevuta.,content_reviewed_unique_real_documents; normalized_text_dedupe; template_or_near_duplicate_check,25,document_number; issue_date; issuer_name; recipient_name; account_identifier; transaction_date; amount; currency,banking.avviso_addebito_sdd; credit_collections.mandato_recupero_crediti
banking.piano_ammortamento_finanziamento,piano ammortamento finanziamento,banking,PRETESTED,P1,0,PDF bancario originale + export transazioni autorizzato con periodo e stato; i movimenti non sostituiscono il contratto o la ricevuta.,independent_unique_real_positive_documents; independent_layout_or_template_groups; independent_hard_negative_documents; competing_classes_represented; content_only_top1_accuracy; split_group_leakage; regression_contract_pass_rate,25,document_number; issue_date; issuer_name; recipient_name; account_identifier; transaction_date; amount; currency,banking.richiesta_finanziamento; banking.contratto_finanziamento_veicolo
banking.quietanza_pagamento,quietanza pagamento,banking,SCHEMA_READY,P2,0,PDF bancario originale + export transazioni autorizzato con periodo e stato; i movimenti non sostituiscono il contratto o la ricevuta.,content_reviewed_unique_real_documents; normalized_text_dedupe; template_or_near_duplicate_check,25,document_number; issue_date; issuer_name; recipient_name; account_identifier; transaction_date; amount; currency,payments_treasury.riconciliazione_pagamento; payments_treasury.richiesta_pagamento
banking.rendiconto_factoring,rendiconto factoring,banking,SCHEMA_READY,P2,0,PDF bancario originale + export transazioni autorizzato con periodo e stato; i movimenti non sostituiscono il contratto o la ricevuta.,content_reviewed_unique_real_documents; normalized_text_dedupe; template_or_near_duplicate_check,25,document_number; issue_date; issuer_name; recipient_name; account_identifier; transaction_date; amount; currency,banking.distinta_cessione_crediti_factoring; banking.contratto_factoring
banking.report_covenant_finanziari,report covenant finanziari,banking,SCHEMA_READY,P2,0,PDF bancario originale + export transazioni autorizzato con periodo e stato; i movimenti non sostituiscono il contratto o la ricevuta.,content_reviewed_unique_real_documents; normalized_text_dedupe; template_or_near_duplicate_check,25,document_number; issue_date; issuer_name; recipient_name; account_identifier; transaction_date; amount; currency,privacy_gdpr.data_breach_report; pnrr_esg.report_avanzamento_pnrr
banking.riba_cbi,flusso Ri.Ba./CBI,banking,SCHEMA_READY,P2,1,PDF bancario originale + export transazioni autorizzato con periodo e stato; i movimenti non sostituiscono il contratto o la ricevuta.,content_reviewed_unique_real_documents; normalized_text_dedupe; template_or_near_duplicate_check,25,document_number; issue_date; issuer_name; recipient_name; account_identifier; transaction_date; amount; currency,banking.richiesta_finanziamento; banking.richiesta_fido_aziendale
banking.ricevuta_bonifico,ricevuta bonifico,banking,SCHEMA_READY,P2,0,PDF bancario originale + export transazioni autorizzato con periodo e stato; i movimenti non sostituiscono il contratto o la ricevuta.,content_reviewed_unique_real_documents; normalized_text_dedupe; template_or_near_duplicate_check,25,document_number; issue_date; issuer_name; recipient_name; account_identifier; transaction_date; amount; currency,banking.disposizione_bonifico; payments_treasury.ricevuta_pos; payments_treasury.distinta_bonifici
banking.richiesta_fido_aziendale,richiesta fido aziendale,banking,SCHEMA_READY,P2,0,PDF bancario originale + export transazioni autorizzato con periodo e stato; i movimenti non sostituiscono il contratto o la ricevuta.,content_reviewed_unique_real_documents; normalized_text_dedupe; template_or_near_duplicate_check,25,document_number; issue_date; issuer_name; recipient_name; account_identifier; transaction_date; amount; currency,banking.richiesta_finanziamento; banking.estratto_conto_carta_aziendale
banking.richiesta_finanziamento,richiesta di finanziamento,banking,SCHEMA_READY,P2,0,PDF bancario originale + export transazioni autorizzato con periodo e stato; i movimenti non sostituiscono il contratto o la ricevuta.,content_reviewed_unique_real_documents; normalized_text_dedupe; template_or_near_duplicate_check,25,document_number; issue_date; issuer_name; recipient_name; account_identifier; transaction_date; amount; currency,banking.richiesta_fido_aziendale; banking.contratto_mutuo_chirografario
certifications_licenses.autorizzazione_amministrativa,autorizzazione amministrativa,certifications_licenses,SCHEMA_READY,P1,0,"Acquisire emissione e ricevuta come oggetti separati con protocollo, data e stato verificabili.",content_reviewed_unique_real_documents; normalized_text_dedupe; template_or_near_duplicate_check,25,document_number; issue_date; issuer_name; recipient_name,certifications_licenses.autorizzazione_suap; hr_personnel.autorizzazione_trasferta
certifications_licenses.autorizzazione_suap,autorizzazione SUAP,certifications_licenses,SCHEMA_READY,P1,0,"Acquisire emissione e ricevuta come oggetti separati con protocollo, data e stato verificabili.",content_reviewed_unique_real_documents; normalized_text_dedupe; template_or_near_duplicate_check,25,document_number; issue_date; issuer_name; recipient_name,certifications_licenses.ricevuta_presentazione_suap; certifications_licenses.autorizzazione_amministrativa; hr_personnel.autorizzazione_trasferta
certifications_licenses.certificato_antimafia,certificato antimafia,certifications_licenses,SCHEMA_READY,P1,0,"Acquisire emissione e ricevuta come oggetti separati con protocollo, data e stato verificabili.",content_reviewed_unique_real_documents; normalized_text_dedupe; template_or_near_duplicate_check,25,document_number; issue_date; issuer_name; recipient_name,certifications_licenses.certificato_soa; certifications_licenses.certificato_casellario_giudiziale
certifications_licenses.certificato_carichi_pendenti,certificato carichi pendenti,certifications_licenses,SCHEMA_READY,P1,0,"Acquisire emissione e ricevuta come oggetti separati con protocollo, data e stato verificabili.",content_reviewed_unique_real_documents; normalized_text_dedupe; template_or_near_duplicate_check,25,document_number; issue_date; issuer_name; recipient_name,certifications_licenses.certificato_soa; certifications_licenses.certificato_casellario_giudiziale
certifications_licenses.certificato_casellario_giudiziale,certificato casellario giudiziale,certifications_licenses,SCHEMA_READY,P1,0,"Acquisire emissione e ricevuta come oggetti separati con protocollo, data e stato verificabili.",content_reviewed_unique_real_documents; normalized_text_dedupe; template_or_near_duplicate_check,25,document_number; issue_date; issuer_name; recipient_name,certifications_licenses.certificato_soa; certifications_licenses.certificato_carichi_pendenti
certifications_licenses.certificato_soa,certificato SOA,certifications_licenses,SCHEMA_READY,P1,0,"Acquisire emissione e ricevuta come oggetti separati con protocollo, data e stato verificabili.",content_reviewed_unique_real_documents; normalized_text_dedupe; template_or_near_duplicate_check,25,document_number; issue_date; issuer_name; recipient_name,certifications_licenses.certificato_casellario_giudiziale; certifications_licenses.certificato_carichi_pendenti
certifications_licenses.dichiarazione_crediti_patente_cantieri,dichiarazione crediti patente cantieri,certifications_licenses,PRETESTED,P1,0,"Acquisire emissione e ricevuta come oggetti separati con protocollo, data e stato verificabili.",independent_unique_real_positive_documents; independent_layout_or_template_groups; independent_hard_negative_documents; competing_classes_represented; content_only_top1_accuracy; split_group_leakage; regression_contract_pass_rate,25,document_number; issue_date; issuer_name; recipient_name,certifications_licenses.patente_a_crediti; certifications_licenses.ricevuta_rilascio_patente_crediti
certifications_licenses.licenza_esercizio,licenza esercizio,certifications_licenses,SCHEMA_READY,P1,0,"Acquisire emissione e ricevuta come oggetti separati con protocollo, data e stato verificabili.",content_reviewed_unique_real_documents; normalized_text_dedupe; template_or_near_duplicate_check,25,document_number; issue_date; issuer_name; recipient_name,privacy_gdpr.richiesta_esercizio_diritti_gdpr; customs_trade.licenza_import_export
certifications_licenses.patente_a_crediti,patente a crediti,certifications_licenses,PRETESTED,P1,1,"Acquisire emissione e ricevuta come oggetti separati con protocollo, data e stato verificabili.",independent_unique_real_positive_documents; independent_layout_or_template_groups; independent_hard_negative_documents; competing_classes_represented; content_only_top1_accuracy; split_group_leakage; regression_contract_pass_rate,25,document_number; issue_date; issuer_name; recipient_name,certifications_licenses.ricevuta_rilascio_patente_crediti; certifications_licenses.dichiarazione_crediti_patente_cantieri
certifications_licenses.ricevuta_presentazione_suap,ricevuta di presentazione pratica SUAP,certifications_licenses,PRETESTED,P1,1,"Acquisire emissione e ricevuta come oggetti separati con protocollo, data e stato verificabili.",independent_unique_real_positive_documents; independent_layout_or_template_groups; independent_hard_negative_documents; competing_classes_represented; content_only_top1_accuracy; split_group_leakage; regression_contract_pass_rate,25,practice_code; suap_protocol_number; issue_date; suap_office_name; applicant_name; practice_subject; receipt_version,certifications_licenses.autorizzazione_suap; certifications_licenses.scia_impresa; identity_personal.codice_fiscale
certifications_licenses.ricevuta_rilascio_patente_crediti,ricevuta rilascio patente a crediti,certifications_licenses,PRETESTED,P1,0,"Acquisire emissione e ricevuta come oggetti separati con protocollo, data e stato verificabili.",independent_unique_real_positive_documents; independent_layout_or_template_groups; independent_hard_negative_documents; competing_classes_represented; content_only_top1_accuracy; split_group_leakage; regression_contract_pass_rate,25,document_number; issue_date; issuer_name; recipient_name,certifications_licenses.patente_a_crediti; certifications_licenses.dichiarazione_crediti_patente_cantieri
certifications_licenses.scia_impresa,SCIA impresa,certifications_licenses,SCHEMA_READY,P1,0,"Acquisire emissione e ricevuta come oggetti separati con protocollo, data e stato verificabili.",content_reviewed_unique_real_documents; normalized_text_dedupe; template_or_near_duplicate_check,25,document_number; issue_date; issuer_name; recipient_name,certifications_licenses.white_list_prefettura; certifications_licenses.ricevuta_rilascio_patente_crediti
certifications_licenses.white_list_prefettura,white list prefettura,certifications_licenses,SCHEMA_READY,P1,0,"Acquisire emissione e ricevuta come oggetti separati con protocollo, data e stato verificabili.",content_reviewed_unique_real_documents; normalized_text_dedupe; template_or_near_duplicate_check,25,document_number; issue_date; issuer_name; recipient_name,logistics_warehouse.packing_list; certifications_licenses.scia_impresa
communications.circolare_interna,circolare interna,communications,SCHEMA_READY,P2,0,"Export EML completo con MIME, intestazioni e allegati; finalità della comunicazione spesso richiede giudizio umano.",content_reviewed_unique_real_documents; normalized_text_dedupe; template_or_near_duplicate_check,25,document_number; issue_date; issuer_name; recipient_name,communications.risposta_reclamo; communications.richiesta_documenti_ente
communications.comunicazione_cliente,comunicazione cliente,communications,SCHEMA_READY,P2,0,"Export EML completo con MIME, intestazioni e allegati; finalità della comunicazione spesso richiede giudizio umano.",content_reviewed_unique_real_documents; normalized_text_dedupe; template_or_near_duplicate_check,25,document_number; issue_date; issuer_name; recipient_name,communications.comunicazione_fornitore; sales_customers.verbale_accettazione_cliente
communications.comunicazione_fornitore,comunicazione fornitore,communications,SCHEMA_READY,P2,0,"Export EML completo con MIME, intestazioni e allegati; finalità della comunicazione spesso richiede giudizio umano.",content_reviewed_unique_real_documents; normalized_text_dedupe; template_or_near_duplicate_check,25,document_number; issue_date; issuer_name; recipient_name,communications.comunicazione_cliente; quality_iso.rapporto_audit_fornitore
communications.email_richiesta_documenti,email richiesta documenti,communications,SCHEMA_READY,P2,0,"Export EML completo con MIME, intestazioni e allegati; finalità della comunicazione spesso richiede giudizio umano.",content_reviewed_unique_real_documents; normalized_text_dedupe; template_or_near_duplicate_check,25,document_number; issue_date; issuer_name; recipient_name,communications.richiesta_documenti_ente; procurement.richiesta_offerta
communications.lettera_commerciale,lettera commerciale,communications,SCHEMA_READY,P2,0,"Export EML completo con MIME, intestazioni e allegati; finalità della comunicazione spesso richiede giudizio umano.",content_reviewed_unique_real_documents; normalized_text_dedupe; template_or_near_duplicate_check,25,document_number; issue_date; issuer_name; recipient_name,vehicles_transport.lettera_vettura_cmr; sales_customers.proposta_commerciale
communications.notifica_sdi,notifica SDI,communications,SCHEMA_READY,P2,1,"Export EML completo con MIME, intestazioni e allegati; finalità della comunicazione spesso richiede giudizio umano.",content_reviewed_unique_real_documents; normalized_text_dedupe; template_or_near_duplicate_check,25,document_number; issue_date; issuer_name; recipient_name,privacy_gdpr.notifica_data_breach_garante; communications.risposta_reclamo
communications.pec_ricevuta_accettazione,PEC ricevuta accettazione,communications,SCHEMA_READY,P2,1,"Export EML completo con MIME, intestazioni e allegati; finalità della comunicazione spesso richiede giudizio umano.",content_reviewed_unique_real_documents; normalized_text_dedupe; template_or_near_duplicate_check,25,document_number; issue_date; issuer_name; recipient_name,communications.pec_ricevuta_consegna; sales_customers.verbale_accettazione_cliente
communications.pec_ricevuta_consegna,PEC ricevuta consegna,communications,SCHEMA_READY,P2,1,"Export EML completo con MIME, intestazioni e allegati; finalità della comunicazione spesso richiede giudizio umano.",content_reviewed_unique_real_documents; normalized_text_dedupe; template_or_near_duplicate_check,25,document_number; issue_date; issuer_name; recipient_name,communications.pec_ricevuta_accettazione; vehicles_transport.verbale_consegna_veicolo
communications.richiesta_documenti_ente,richiesta documenti da ente,communications,PRETESTED,P1,0,"Export EML completo con MIME, intestazioni e allegati; finalità della comunicazione spesso richiede giudizio umano.",independent_unique_real_positive_documents; independent_layout_or_template_groups; independent_hard_negative_documents; competing_classes_represented; content_only_top1_accuracy; split_group_leakage; regression_contract_pass_rate,25,document_number; issue_date; issuer_name; recipient_name,communications.email_richiesta_documenti; procurement.richiesta_offerta
communications.risposta_reclamo,risposta a reclamo,communications,SCHEMA_READY,P2,0,"Export EML completo con MIME, intestazioni e allegati; finalità della comunicazione spesso richiede giudizio umano.",content_reviewed_unique_real_documents; normalized_text_dedupe; template_or_near_duplicate_check,25,document_number; issue_date; issuer_name; recipient_name,sales_customers.reclamo_cliente; procurement.reclamo_fornitore
construction_site.certificato_pagamento,certificato pagamento,construction_site,SCHEMA_READY,P1,0,Pacchetto contabilità di una commessa: indice firmato + singoli allegati; usare lo stesso SAL/versione per misure/importi.,content_reviewed_unique_real_documents; normalized_text_dedupe; template_or_near_duplicate_check,25,document_number; issue_date; issuer_name; recipient_name,vehicles_transport.certificato_proprieta_veicolo; real_estate.certificato_agibilita
construction_site.computo_metrico_estimativo,computo metrico estimativo,construction_site,SCHEMA_READY,P1,1,Pacchetto contabilità di una commessa: indice firmato + singoli allegati; usare lo stesso SAL/versione per misure/importi.,content_reviewed_unique_real_documents; normalized_text_dedupe; template_or_near_duplicate_check,25,document_number; issue_date; issuer_name; recipient_name,construction_site.verbale_sospensione_lavori; construction_site.verbale_ripresa_lavori
construction_site.giornale_lavori,giornale lavori,construction_site,SCHEMA_READY,P1,0,Pacchetto contabilità di una commessa: indice firmato + singoli allegati; usare lo stesso SAL/versione per misure/importi.,content_reviewed_unique_real_documents; normalized_text_dedupe; template_or_near_duplicate_check,25,document_number; issue_date; issuer_name; recipient_name,construction_site.verbale_sospensione_lavori; construction_site.verbale_ripresa_lavori
construction_site.libretto_misure,libretto misure,construction_site,SCHEMA_READY,P1,0,Pacchetto contabilità di una commessa: indice firmato + singoli allegati; usare lo stesso SAL/versione per misure/importi.,content_reviewed_unique_real_documents; normalized_text_dedupe; template_or_near_duplicate_check,25,document_number; issue_date; issuer_name; recipient_name,construction_site.verbale_sospensione_lavori; construction_site.verbale_ripresa_lavori
construction_site.registro_contabilita_lavori,registro contabilità lavori,construction_site,SCHEMA_READY,P1,0,Pacchetto contabilità di una commessa: indice firmato + singoli allegati; usare lo stesso SAL/versione per misure/importi.,content_reviewed_unique_real_documents; normalized_text_dedupe; template_or_near_duplicate_check,25,document_number; issue_date; issuer_name; recipient_name,construction_site.verbale_sospensione_lavori; construction_site.verbale_ripresa_lavori
construction_site.sal,SAL,construction_site,SCHEMA_READY,P1,0,Pacchetto contabilità di una commessa: indice firmato + singoli allegati; usare lo stesso SAL/versione per misure/importi.,content_reviewed_unique_real_documents; normalized_text_dedupe; template_or_near_duplicate_check,25,document_number; issue_date; issuer_name; recipient_name,construction_site.verbale_sospensione_lavori; construction_site.verbale_ripresa_lavori
construction_site.tavola_strutturale,tavola strutturale,construction_site,SCHEMA_READY,P1,0,Pacchetto contabilità di una commessa: indice firmato + singoli allegati; usare lo stesso SAL/versione per misure/importi.,content_reviewed_unique_real_documents; normalized_text_dedupe; template_or_near_duplicate_check,25,document_number; issue_date; issuer_name; recipient_name,construction_site.verbale_sospensione_lavori; construction_site.verbale_ripresa_lavori
construction_site.verbale_consegna_lavori,verbale consegna lavori,construction_site,SCHEMA_READY,P1,0,Pacchetto contabilità di una commessa: indice firmato + singoli allegati; usare lo stesso SAL/versione per misure/importi.,content_reviewed_unique_real_documents; normalized_text_dedupe; template_or_near_duplicate_check,25,document_number; issue_date; issuer_name; recipient_name,construction_site.verbale_sospensione_lavori; construction_site.verbale_ripresa_lavori
construction_site.verbale_ripresa_lavori,verbale ripresa lavori,construction_site,SCHEMA_READY,P1,0,Pacchetto contabilità di una commessa: indice firmato + singoli allegati; usare lo stesso SAL/versione per misure/importi.,content_reviewed_unique_real_documents; normalized_text_dedupe; template_or_near_duplicate_check,25,document_number; issue_date; issuer_name; recipient_name,construction_site.verbale_sospensione_lavori; construction_site.verbale_consegna_lavori
construction_site.verbale_sospensione_lavori,verbale sospensione lavori,construction_site,SCHEMA_READY,P1,0,Pacchetto contabilità di una commessa: indice firmato + singoli allegati; usare lo stesso SAL/versione per misure/importi.,content_reviewed_unique_real_documents; normalized_text_dedupe; template_or_near_duplicate_check,25,document_number; issue_date; issuer_name; recipient_name,construction_site.verbale_ripresa_lavori; construction_site.verbale_consegna_lavori
contracts_general.accordo_livello_servizio,accordo sul livello di servizio,contracts_general,SCHEMA_READY,P2,0,"Copia autorizzata del contratto e allegati; anagrafica, tipo e stato dal repertorio, clausole critiche da verificare.",content_reviewed_unique_real_documents; normalized_text_dedupe; template_or_near_duplicate_check,25,document_number; issue_date; issuer_name; recipient_name,public_contracts.ordine_servizio; privacy_gdpr.accordo_contitolarita
contracts_general.addendum_contrattuale,addendum contrattuale,contracts_general,SCHEMA_READY,P2,0,"Copia autorizzata del contratto e allegati; anagrafica, tipo e stato dal repertorio, clausole critiche da verificare.",content_reviewed_unique_real_documents; normalized_text_dedupe; template_or_near_duplicate_check,25,document_number; issue_date; issuer_name; recipient_name,contracts_general.risoluzione_contratto; contracts_general.rinnovo_contratto
contracts_general.capitolato_tecnico_lavori,capitolato tecnico lavori,contracts_general,PRETESTED,P1,0,"Copia autorizzata del contratto e allegati; anagrafica, tipo e stato dal repertorio, clausole critiche da verificare.",independent_unique_real_positive_documents; independent_layout_or_template_groups; independent_hard_negative_documents; competing_classes_represented; content_only_top1_accuracy; split_group_leakage; regression_contract_pass_rate,25,document_number; issue_date; issuer_name; recipient_name,public_procurement.capitolato_speciale_appalto; hse_risk.relazione_tecnica_psc
contracts_general.contratto_agenzia_commerciale,contratto di agenzia commerciale,contracts_general,SCHEMA_READY,P2,0,"Copia autorizzata del contratto e allegati; anagrafica, tipo e stato dal repertorio, clausole critiche da verificare.",content_reviewed_unique_real_documents; normalized_text_dedupe; template_or_near_duplicate_check,25,document_number; issue_date; issuer_name; recipient_name,contracts_general.risoluzione_contratto; contracts_general.rinnovo_contratto
contracts_general.contratto_consulenza,contratto consulenza,contracts_general,SCHEMA_READY,P2,0,"Copia autorizzata del contratto e allegati; anagrafica, tipo e stato dal repertorio, clausole critiche da verificare.",content_reviewed_unique_real_documents; normalized_text_dedupe; template_or_near_duplicate_check,25,document_number; issue_date; issuer_name; recipient_name,contracts_general.risoluzione_contratto; contracts_general.rinnovo_contratto
contracts_general.contratto_deposito,contratto di deposito,contracts_general,SCHEMA_READY,P2,0,"Copia autorizzata del contratto e allegati; anagrafica, tipo e stato dal repertorio, clausole critiche da verificare.",content_reviewed_unique_real_documents; normalized_text_dedupe; template_or_near_duplicate_check,25,document_number; issue_date; issuer_name; recipient_name,contracts_general.risoluzione_contratto; contracts_general.rinnovo_contratto
contracts_general.contratto_distribuzione,contratto di distribuzione,contracts_general,SCHEMA_READY,P2,0,"Copia autorizzata del contratto e allegati; anagrafica, tipo e stato dal repertorio, clausole critiche da verificare.",content_reviewed_unique_real_documents; normalized_text_dedupe; template_or_near_duplicate_check,25,document_number; issue_date; issuer_name; recipient_name,contracts_general.risoluzione_contratto; contracts_general.rinnovo_contratto
contracts_general.contratto_fornitura,contratto fornitura,contracts_general,SCHEMA_READY,P2,0,"Copia autorizzata del contratto e allegati; anagrafica, tipo e stato dal repertorio, clausole critiche da verificare.",content_reviewed_unique_real_documents; normalized_text_dedupe; template_or_near_duplicate_check,25,document_number; issue_date; issuer_name; recipient_name,contracts_general.risoluzione_contratto; contracts_general.rinnovo_contratto
contracts_general.contratto_licenza_software,contratto licenza software,contracts_general,SCHEMA_READY,P2,0,"Copia autorizzata del contratto e allegati; anagrafica, tipo e stato dal repertorio, clausole critiche da verificare.",content_reviewed_unique_real_documents; normalized_text_dedupe; template_or_near_duplicate_check,25,document_number; issue_date; issuer_name; recipient_name,contracts_general.risoluzione_contratto; contracts_general.rinnovo_contratto
contracts_general.contratto_quadro,contratto quadro,contracts_general,SCHEMA_READY,P2,0,"Copia autorizzata del contratto e allegati; anagrafica, tipo e stato dal repertorio, clausole critiche da verificare.",content_reviewed_unique_real_documents; normalized_text_dedupe; template_or_near_duplicate_check,25,document_number; issue_date; issuer_name; recipient_name,contracts_general.risoluzione_contratto; contracts_general.rinnovo_contratto
contracts_general.contratto_saas,contratto SaaS,contracts_general,SCHEMA_READY,P2,0,"Copia autorizzata del contratto e allegati; anagrafica, tipo e stato dal repertorio, clausole critiche da verificare.",content_reviewed_unique_real_documents; normalized_text_dedupe; template_or_near_duplicate_check,25,document_number; issue_date; issuer_name; recipient_name,contracts_general.contratto_licenza_software; contracts_general.contratto_servizi
contracts_general.contratto_servizi,contratto servizi,contracts_general,SCHEMA_READY,P2,0,"Copia autorizzata del contratto e allegati; anagrafica, tipo e stato dal repertorio, clausole critiche da verificare.",content_reviewed_unique_real_documents; normalized_text_dedupe; template_or_near_duplicate_check,25,document_number; issue_date; issuer_name; recipient_name,contracts_general.risoluzione_contratto; contracts_general.rinnovo_contratto
contracts_general.contratto_subappalto,contratto di subappalto,contracts_general,PRETESTED,P1,0,"Copia autorizzata del contratto e allegati; anagrafica, tipo e stato dal repertorio, clausole critiche da verificare.",independent_unique_real_positive_documents; independent_layout_or_template_groups; independent_hard_negative_documents; competing_classes_represented; content_only_top1_accuracy; split_group_leakage; regression_contract_pass_rate,25,document_number; issue_date; issuer_name; recipient_name,contracts_general.risoluzione_contratto; contracts_general.rinnovo_contratto
contracts_general.contratto_trasporto,contratto di trasporto,contracts_general,SCHEMA_READY,P2,0,"Copia autorizzata del contratto e allegati; anagrafica, tipo e stato dal repertorio, clausole critiche da verificare.",content_reviewed_unique_real_documents; normalized_text_dedupe; template_or_near_duplicate_check,25,document_number; issue_date; issuer_name; recipient_name,contracts_general.risoluzione_contratto; contracts_general.rinnovo_contratto
contracts_general.incarico_professionale,incarico professionale,contracts_general,SCHEMA_READY,P2,0,"Copia autorizzata del contratto e allegati; anagrafica, tipo e stato dal repertorio, clausole critiche da verificare.",content_reviewed_unique_real_documents; normalized_text_dedupe; template_or_near_duplicate_check,25,document_number; issue_date; issuer_name; recipient_name,insurance.polizza_rc_professionale; hse_health.denuncia_malattia_professionale_inail
contracts_general.recesso_contratto,recesso contratto,contracts_general,SCHEMA_READY,P2,0,"Copia autorizzata del contratto e allegati; anagrafica, tipo e stato dal repertorio, clausole critiche da verificare.",content_reviewed_unique_real_documents; normalized_text_dedupe; template_or_near_duplicate_check,25,document_number; issue_date; issuer_name; recipient_name,contracts_general.risoluzione_contratto; contracts_general.rinnovo_contratto
contracts_general.rinnovo_contratto,rinnovo contratto,contracts_general,SCHEMA_READY,P2,0,"Copia autorizzata del contratto e allegati; anagrafica, tipo e stato dal repertorio, clausole critiche da verificare.",content_reviewed_unique_real_documents; normalized_text_dedupe; template_or_near_duplicate_check,25,document_number; issue_date; issuer_name; recipient_name,contracts_general.risoluzione_contratto; contracts_general.recesso_contratto
contracts_general.risoluzione_contratto,risoluzione contratto,contracts_general,SCHEMA_READY,P2,0,"Copia autorizzata del contratto e allegati; anagrafica, tipo e stato dal repertorio, clausole critiche da verificare.",content_reviewed_unique_real_documents; normalized_text_dedupe; template_or_near_duplicate_check,25,document_number; issue_date; issuer_name; recipient_name,contracts_general.rinnovo_contratto; contracts_general.recesso_contratto
corporate_registry.atto_costitutivo,atto costitutivo,corporate_registry,SCHEMA_READY,P1,1,"Documenti del repertorio societario o canale camerale autorizzato; distinguere allegato, estratto e certificazione.",content_reviewed_unique_real_documents; normalized_text_dedupe; template_or_near_duplicate_check,25,document_number; issue_date; issuer_name; recipient_name,public_contracts.atto_sottomissione; legal_disputes.atto_citazione
corporate_registry.certificato_camerale,certificato camerale,corporate_registry,SCHEMA_READY,P1,1,"Documenti del repertorio societario o canale camerale autorizzato; distinguere allegato, estratto e certificazione.",content_reviewed_unique_real_documents; normalized_text_dedupe; template_or_near_duplicate_check,25,document_number; issue_date; issuer_name; recipient_name,corporate_registry.visura_camerale; corporate_registry.certificato_vigenza
corporate_registry.certificato_vigenza,certificato di vigenza,corporate_registry,SCHEMA_READY,P1,1,"Documenti del repertorio societario o canale camerale autorizzato; distinguere allegato, estratto e certificazione.",content_reviewed_unique_real_documents; normalized_text_dedupe; template_or_near_duplicate_check,25,document_number; issue_date; issuer_name; recipient_name,corporate_registry.visura_camerale; corporate_registry.certificato_camerale
corporate_registry.comunicazione_titolare_effettivo,comunicazione titolare effettivo,corporate_registry,SCHEMA_READY,P1,0,"Documenti del repertorio societario o canale camerale autorizzato; distinguere allegato, estratto e certificazione.",content_reviewed_unique_real_documents; normalized_text_dedupe; template_or_near_duplicate_check,25,document_number; issue_date; issuer_name; recipient_name,pnrr_esg.dichiarazione_titolare_effettivo; insurance.apertura_sinistro
corporate_registry.libro_soci,libro soci,corporate_registry,SCHEMA_READY,P1,0,"Documenti del repertorio societario o canale camerale autorizzato; distinguere allegato, estratto e certificazione.",content_reviewed_unique_real_documents; normalized_text_dedupe; template_or_near_duplicate_check,25,document_number; issue_date; issuer_name; recipient_name,corporate_registry.verbale_assemblea_soci; accounting.libro_mastro
corporate_registry.pratica_comunica,pratica ComUnica,corporate_registry,SCHEMA_READY,P1,0,"Documenti del repertorio societario o canale camerale autorizzato; distinguere allegato, estratto e certificazione.",content_reviewed_unique_real_documents; normalized_text_dedupe; template_or_near_duplicate_check,25,document_number; issue_date; issuer_name; recipient_name,credit_collections.pratica_recupero_crediti; corporate_registry.visura_camerale
corporate_registry.procura_generale,procura generale,corporate_registry,SCHEMA_READY,P1,0,"Documenti del repertorio societario o canale camerale autorizzato; distinguere allegato, estratto e certificazione.",content_reviewed_unique_real_documents; normalized_text_dedupe; template_or_near_duplicate_check,25,document_number; issue_date; issuer_name; recipient_name,corporate_registry.procura_speciale; legal_disputes.procura_alle_liti
corporate_registry.procura_speciale,procura speciale,corporate_registry,SCHEMA_READY,P1,0,"Documenti del repertorio societario o canale camerale autorizzato; distinguere allegato, estratto e certificazione.",content_reviewed_unique_real_documents; normalized_text_dedupe; template_or_near_duplicate_check,25,document_number; issue_date; issuer_name; recipient_name,corporate_registry.procura_generale; public_procurement.capitolato_speciale_appalto
corporate_registry.relazione_collegio_sindacale,relazione del collegio sindacale,corporate_registry,SCHEMA_READY,P1,1,"Documenti del repertorio societario o canale camerale autorizzato; distinguere allegato, estratto e certificazione.",content_reviewed_unique_real_documents; normalized_text_dedupe; template_or_near_duplicate_check,25,document_number; issue_date; issuer_name; recipient_name,corporate_registry.relazione_revisore_legale; corporate_registry.relazione_gestione
corporate_registry.relazione_gestione,relazione sulla gestione,corporate_registry,SCHEMA_READY,P1,2,"Documenti del repertorio societario o canale camerale autorizzato; distinguere allegato, estratto e certificazione.",content_reviewed_unique_real_documents; normalized_text_dedupe; template_or_near_duplicate_check,25,document_number; issue_date; issuer_name; recipient_name,accounting.bilancio_esercizio; corporate_registry.relazione_revisore_legale
corporate_registry.relazione_revisore_legale,relazione del revisore legale,corporate_registry,SCHEMA_READY,P1,1,"Documenti del repertorio societario o canale camerale autorizzato; distinguere allegato, estratto e certificazione.",content_reviewed_unique_real_documents; normalized_text_dedupe; template_or_near_duplicate_check,25,document_number; issue_date; issuer_name; recipient_name,corporate_registry.relazione_gestione; corporate_registry.relazione_collegio_sindacale
corporate_registry.statuto_societario,statuto societario,corporate_registry,SCHEMA_READY,P1,3,"Documenti del repertorio societario o canale camerale autorizzato; distinguere allegato, estratto e certificazione.",content_reviewed_unique_real_documents; normalized_text_dedupe; template_or_near_duplicate_check,25,document_number; issue_date; issuer_name; recipient_name,corporate_registry.visura_camerale; corporate_registry.verbale_consiglio_amministrazione
corporate_registry.verbale_assemblea_soci,verbale assemblea soci,corporate_registry,SCHEMA_READY,P1,1,"Documenti del repertorio societario o canale camerale autorizzato; distinguere allegato, estratto e certificazione.",content_reviewed_unique_real_documents; normalized_text_dedupe; template_or_near_duplicate_check,25,document_number; issue_date; issuer_name; recipient_name,corporate_registry.verbale_consiglio_amministrazione; corporate_registry.libro_soci
corporate_registry.verbale_consiglio_amministrazione,verbale consiglio amministrazione,corporate_registry,SCHEMA_READY,P1,0,"Documenti del repertorio societario o canale camerale autorizzato; distinguere allegato, estratto e certificazione.",content_reviewed_unique_real_documents; normalized_text_dedupe; template_or_near_duplicate_check,25,document_number; issue_date; issuer_name; recipient_name,corporate_registry.verbale_assemblea_soci; vehicles_transport.verbale_consegna_veicolo
corporate_registry.visura_camerale,visura camerale,corporate_registry,SCHEMA_READY,P1,1,"Documenti del repertorio societario o canale camerale autorizzato; distinguere allegato, estratto e certificazione.",content_reviewed_unique_real_documents; normalized_text_dedupe; template_or_near_duplicate_check,25,document_number; issue_date; issuer_name; recipient_name,corporate_registry.certificato_camerale; real_estate.visura_catastale
credit_collections.aging_crediti,aging crediti,credit_collections,SCHEMA_READY,P2,0,Export crediti e fascicolo corrispondente; distinguere saldo contabile da impegno del debitore o sollecito.,content_reviewed_unique_real_documents; normalized_text_dedupe; template_or_near_duplicate_check,25,document_number; issue_date; issuer_name; recipient_name,credit_collections.pratica_recupero_crediti; credit_collections.mandato_recupero_crediti
credit_collections.estratto_conto_cliente,estratto conto cliente,credit_collections,SCHEMA_READY,P2,0,Export crediti e fascicolo corrispondente; distinguere saldo contabile da impegno del debitore o sollecito.,content_reviewed_unique_real_documents; normalized_text_dedupe; template_or_near_duplicate_check,25,document_number; issue_date; issuer_name; recipient_name,payroll_contributions.estratto_conto_contributivo; banking.estratto_conto_carta_aziendale
credit_collections.mandato_recupero_crediti,mandato recupero crediti,credit_collections,SCHEMA_READY,P2,0,Export crediti e fascicolo corrispondente; distinguere saldo contabile da impegno del debitore o sollecito.,content_reviewed_unique_real_documents; normalized_text_dedupe; template_or_near_duplicate_check,25,document_number; issue_date; issuer_name; recipient_name,credit_collections.pratica_recupero_crediti; credit_collections.aging_crediti
credit_collections.piano_rientro,piano di rientro,credit_collections,SCHEMA_READY,P2,0,Export crediti e fascicolo corrispondente; distinguere saldo contabile da impegno del debitore o sollecito.,content_reviewed_unique_real_documents; normalized_text_dedupe; template_or_near_duplicate_check,25,document_number; issue_date; issuer_name; recipient_name,legal_corporate.riconoscimento_debito; credit_collections.promessa_pagamento
credit_collections.pratica_recupero_crediti,pratica recupero crediti,credit_collections,SCHEMA_READY,P2,0,Export crediti e fascicolo corrispondente; distinguere saldo contabile da impegno del debitore o sollecito.,content_reviewed_unique_real_documents; normalized_text_dedupe; template_or_near_duplicate_check,25,document_number; issue_date; issuer_name; recipient_name,credit_collections.mandato_recupero_crediti; credit_collections.aging_crediti
credit_collections.promessa_pagamento,promessa di pagamento,credit_collections,SCHEMA_READY,P2,0,Export crediti e fascicolo corrispondente; distinguere saldo contabile da impegno del debitore o sollecito.,content_reviewed_unique_real_documents; normalized_text_dedupe; template_or_near_duplicate_check,25,document_number; issue_date; issuer_name; recipient_name,credit_collections.sollecito_pagamento; payments_treasury.riconciliazione_pagamento
credit_collections.sollecito_pagamento,sollecito di pagamento,credit_collections,SCHEMA_READY,P2,0,Export crediti e fascicolo corrispondente; distinguere saldo contabile da impegno del debitore o sollecito.,content_reviewed_unique_real_documents; normalized_text_dedupe; template_or_near_duplicate_check,25,document_number; issue_date; issuer_name; recipient_name,legal_disputes.messa_in_mora; legal_disputes.diffida
customs_trade.certificato_origine,certificato di origine,customs_trade,SCHEMA_READY,P2,1,"Export dichiarazione o certificato emesso, MRN/riferimenti e PDF medesima versione; proposta/richiesta non è rilascio.",content_reviewed_unique_real_documents; normalized_text_dedupe; template_or_near_duplicate_check,25,document_number; issue_date; issuer_name; recipient_name; declaration_date; goods_description; customs_value,vehicles_transport.certificato_proprieta_veicolo; real_estate.certificato_agibilita
customs_trade.dichiarazione_doganale_dau,dichiarazione doganale DAU,customs_trade,SCHEMA_READY,P2,0,"Export dichiarazione o certificato emesso, MRN/riferimenti e PDF medesima versione; proposta/richiesta non è rilascio.",content_reviewed_unique_real_documents; normalized_text_dedupe; template_or_near_duplicate_check,25,document_number; issue_date; issuer_name; recipient_name; declaration_date; goods_description; customs_value,customs_trade.fattura_doganale; customs_trade.certificato_origine
customs_trade.dichiarazione_esportatore,dichiarazione dell'esportatore,customs_trade,SCHEMA_READY,P2,0,"Export dichiarazione o certificato emesso, MRN/riferimenti e PDF medesima versione; proposta/richiesta non è rilascio.",content_reviewed_unique_real_documents; normalized_text_dedupe; template_or_near_duplicate_check,25,document_number; issue_date; issuer_name; recipient_name; declaration_date; goods_description; customs_value,customs_trade.dichiarazione_doganale_dau; technical_products.epd_dichiarazione_ambientale_prodotto
customs_trade.fattura_doganale,fattura doganale,customs_trade,SCHEMA_READY,P2,0,"Export dichiarazione o certificato emesso, MRN/riferimenti e PDF medesima versione; proposta/richiesta non è rilascio.",content_reviewed_unique_real_documents; normalized_text_dedupe; template_or_near_duplicate_check,25,document_number; issue_date; issuer_name; recipient_name; declaration_date; goods_description; customs_value,customs_trade.dichiarazione_doganale_dau; accounting.fattura_proforma
customs_trade.licenza_import_export,licenza import export,customs_trade,SCHEMA_READY,P2,0,"Export dichiarazione o certificato emesso, MRN/riferimenti e PDF medesima versione; proposta/richiesta non è rilascio.",content_reviewed_unique_real_documents; normalized_text_dedupe; template_or_near_duplicate_check,25,document_number; issue_date; issuer_name; recipient_name; declaration_date; goods_description; customs_value,contracts_general.contratto_licenza_software; certifications_licenses.licenza_esercizio
environment.analisi_rifiuto,analisi rifiuto,environment,SCHEMA_READY,P2,0,Registri e documenti della propria impresa con versione e impianto; fonti pubbliche per schede/permessi senza presumere diritti.,content_reviewed_unique_real_documents; normalized_text_dedupe; template_or_near_duplicate_check,25,document_number; issue_date; issuer_name; recipient_name,environment.scheda_sicurezza_sds; environment.ricevuta_iscrizione_rentri
environment.autorizzazione_ambientale,autorizzazione ambientale,environment,SCHEMA_READY,P2,0,Registri e documenti della propria impresa con versione e impianto; fonti pubbliche per schede/permessi senza presumere diritti.,content_reviewed_unique_real_documents; normalized_text_dedupe; template_or_near_duplicate_check,25,document_number; issue_date; issuer_name; recipient_name,environment.autorizzazione_integrata_ambientale; environment.dichiarazione_emas
environment.autorizzazione_integrata_ambientale,autorizzazione integrata ambientale,environment,SCHEMA_READY,P2,0,Registri e documenti della propria impresa con versione e impianto; fonti pubbliche per schede/permessi senza presumere diritti.,content_reviewed_unique_real_documents; normalized_text_dedupe; template_or_near_duplicate_check,25,document_number; issue_date; issuer_name; recipient_name,environment.autorizzazione_ambientale; environment.dichiarazione_emas
environment.bolletta_servizio_ambientale,bolletta servizio ambientale,environment,SCHEMA_READY,P2,0,Registri e documenti della propria impresa con versione e impianto; fonti pubbliche per schede/permessi senza presumere diritti.,content_reviewed_unique_real_documents; normalized_text_dedupe; template_or_near_duplicate_check,25,document_number; issue_date; issuer_name; recipient_name,environment.dichiarazione_emas; environment.autorizzazione_integrata_ambientale
environment.certificato_iso_14001,certificato ISO 14001,environment,SCHEMA_READY,P2,1,Registri e documenti della propria impresa con versione e impianto; fonti pubbliche per schede/permessi senza presumere diritti.,content_reviewed_unique_real_documents; normalized_text_dedupe; template_or_near_duplicate_check,25,document_number; issue_date; issuer_name; recipient_name,quality_iso.certificato_iso_9001; quality_iso.certificato_iso_50001
environment.dichiarazione_emas,dichiarazione ambientale EMAS,environment,SCHEMA_READY,P2,0,Registri e documenti della propria impresa con versione e impianto; fonti pubbliche per schede/permessi senza presumere diritti.,content_reviewed_unique_real_documents; normalized_text_dedupe; template_or_near_duplicate_check,25,document_number; issue_date; issuer_name; recipient_name,technical_products.epd_dichiarazione_ambientale_prodotto; environment.bolletta_servizio_ambientale
environment.fir_formulario_rifiuti,FIR formulario rifiuti,environment,SCHEMA_READY,P2,0,Registri e documenti della propria impresa con versione e impianto; fonti pubbliche per schede/permessi senza presumere diritti.,content_reviewed_unique_real_documents; normalized_text_dedupe; template_or_near_duplicate_check,25,document_number; issue_date; issuer_name; recipient_name,environment.registro_rifiuti; environment.informativa_tariffaria_rifiuti
environment.informativa_tariffaria_rifiuti,informativa tariffaria rifiuti,environment,SCHEMA_READY,P2,0,Registri e documenti della propria impresa con versione e impianto; fonti pubbliche per schede/permessi senza presumere diritti.,content_reviewed_unique_real_documents; normalized_text_dedupe; template_or_near_duplicate_check,25,document_number; issue_date; issuer_name; recipient_name,environment.registro_rifiuti; environment.fir_formulario_rifiuti
environment.mud,MUD,environment,SCHEMA_READY,P2,0,Registri e documenti della propria impresa con versione e impianto; fonti pubbliche per schede/permessi senza presumere diritti.,content_reviewed_unique_real_documents; normalized_text_dedupe; template_or_near_duplicate_check,25,document_number; issue_date; issuer_name; recipient_name,environment.scheda_sicurezza_sds; environment.ricevuta_iscrizione_rentri
environment.registro_emissioni,registro emissioni,environment,SCHEMA_READY,P2,0,Registri e documenti della propria impresa con versione e impianto; fonti pubbliche per schede/permessi senza presumere diritti.,content_reviewed_unique_real_documents; normalized_text_dedupe; template_or_near_duplicate_check,25,document_number; issue_date; issuer_name; recipient_name,environment.registro_rifiuti; vehicles_transport.registro_carburante
environment.registro_rifiuti,registro rifiuti,environment,SCHEMA_READY,P2,0,Registri e documenti della propria impresa con versione e impianto; fonti pubbliche per schede/permessi senza presumere diritti.,content_reviewed_unique_real_documents; normalized_text_dedupe; template_or_near_duplicate_check,25,document_number; issue_date; issuer_name; recipient_name,environment.registro_emissioni; environment.informativa_tariffaria_rifiuti
environment.ricevuta_iscrizione_rentri,ricevuta iscrizione RENTRI,environment,SCHEMA_READY,P2,0,Registri e documenti della propria impresa con versione e impianto; fonti pubbliche per schede/permessi senza presumere diritti.,content_reviewed_unique_real_documents; normalized_text_dedupe; template_or_near_duplicate_check,25,document_number; issue_date; issuer_name; recipient_name,environment.fir_formulario_rifiuti; environment.registro_rifiuti
environment.scheda_sicurezza_sds,scheda sicurezza SDS,environment,PRETESTED,P1,2,Registri e documenti della propria impresa con versione e impianto; fonti pubbliche per schede/permessi senza presumere diritti.,independent_unique_real_positive_documents; independent_layout_or_template_groups; independent_hard_negative_documents; competing_classes_represented; content_only_top1_accuracy; split_group_leakage; regression_contract_pass_rate,25,document_number; issue_date; issuer_name; recipient_name,vehicles_transport.scheda_tachigrafica; technical_products.scheda_tecnica_prodotto
finance_corporate.piano_risanamento_aziendale,piano di risanamento aziendale,finance_corporate,PRETESTED,P1,0,Piano autorizzato con versione e allegati; nessuna disponibilità pubblica concreta verificata nel passaggio.,independent_unique_real_positive_documents; independent_layout_or_template_groups; independent_hard_negative_documents; competing_classes_represented; content_only_top1_accuracy; split_group_leakage; regression_contract_pass_rate,25,document_number; issue_date; issuer_name; recipient_name,quality_iso.piano_miglioramento; quality_iso.piano_haccp
fiscal_tax.avviso_accertamento,avviso di accertamento,fiscal_tax,SCHEMA_READY,P1,0,"Esportare invio telematico, modello e ricevuta della stessa pratica; maschere vuote non sostituiscono casi reali.",content_reviewed_unique_real_documents; normalized_text_dedupe; template_or_near_duplicate_check,25,document_number; issue_date; issuer_name; recipient_name; tax_period; tax_code; tax_amount; protocol_number,fiscal_tax.avviso_pagamento_tributi_locali; fiscal_tax.avviso_bonario
fiscal_tax.avviso_addebito_inps,avviso di addebito INPS,fiscal_tax,SCHEMA_READY,P1,0,"Esportare invio telematico, modello e ricevuta della stessa pratica; maschere vuote non sostituiscono casi reali.",content_reviewed_unique_real_documents; normalized_text_dedupe; template_or_near_duplicate_check,25,document_number; issue_date; issuer_name; recipient_name; tax_period; tax_code; tax_amount; protocol_number,banking.avviso_addebito_sdd; fiscal_tax.avviso_pagamento_tributi_locali
fiscal_tax.avviso_bonario,avviso bonario,fiscal_tax,SCHEMA_READY,P1,0,"Esportare invio telematico, modello e ricevuta della stessa pratica; maschere vuote non sostituiscono casi reali.",content_reviewed_unique_real_documents; normalized_text_dedupe; template_or_near_duplicate_check,25,document_number; issue_date; issuer_name; recipient_name; tax_period; tax_code; tax_amount; protocol_number,fiscal_tax.comunicazione_irregolarita; fiscal_tax.avviso_accertamento
fiscal_tax.avviso_pagamento_tributi_locali,avviso pagamento tributi locali,fiscal_tax,PRETESTED,P1,0,"Esportare invio telematico, modello e ricevuta della stessa pratica; maschere vuote non sostituiscono casi reali.",independent_unique_real_positive_documents; independent_layout_or_template_groups; independent_hard_negative_documents; competing_classes_represented; content_only_top1_accuracy; split_group_leakage; regression_contract_pass_rate,25,document_number; issue_date; issuer_name; recipient_name; tax_period; tax_code; tax_amount; protocol_number,payments_treasury.avviso_pagamento; fiscal_tax.cartella_di_pagamento
fiscal_tax.cartella_di_pagamento,cartella di pagamento,fiscal_tax,SCHEMA_READY,P1,0,"Esportare invio telematico, modello e ricevuta della stessa pratica; maschere vuote non sostituiscono casi reali.",content_reviewed_unique_real_documents; normalized_text_dedupe; template_or_near_duplicate_check,25,document_number; issue_date; issuer_name; recipient_name; tax_period; tax_code; tax_amount; protocol_number,fiscal_tax.avviso_pagamento_tributi_locali; payments_treasury.riconciliazione_pagamento
fiscal_tax.certificato_attribuzione_partita_iva,certificato attribuzione partita IVA,fiscal_tax,SCHEMA_READY,P1,0,"Esportare invio telematico, modello e ricevuta della stessa pratica; maschere vuote non sostituiscono casi reali.",content_reviewed_unique_real_documents; normalized_text_dedupe; template_or_near_duplicate_check,25,document_number; issue_date; issuer_name; recipient_name; tax_period; tax_code; tax_amount; protocol_number,fiscal_tax.ricevuta_lipe; fiscal_tax.modello_iva_tr
fiscal_tax.certificato_regolarita_fiscale,certificato regolarità fiscale,fiscal_tax,SCHEMA_READY,P1,0,"Esportare invio telematico, modello e ricevuta della stessa pratica; maschere vuote non sostituiscono casi reali.",content_reviewed_unique_real_documents; normalized_text_dedupe; template_or_near_duplicate_check,25,document_number; issue_date; issuer_name; recipient_name; tax_period; tax_code; tax_amount; protocol_number,fiscal_tax.certificato_attribuzione_partita_iva; vehicles_transport.certificato_proprieta_veicolo
fiscal_tax.certificazione_unica,certificazione unica,fiscal_tax,SCHEMA_READY,P1,0,"Esportare invio telematico, modello e ricevuta della stessa pratica; maschere vuote non sostituiscono casi reali.",content_reviewed_unique_real_documents; normalized_text_dedupe; template_or_near_duplicate_check,25,document_number; issue_date; issuer_name; recipient_name; tax_period; tax_code; tax_amount; protocol_number,payroll_contributions.certificazione_retribuzioni; fiscal_tax.ricevuta_telematica_agenzia_entrate
fiscal_tax.comunicazione_irregolarita,comunicazione di irregolarità,fiscal_tax,SCHEMA_READY,P1,0,"Esportare invio telematico, modello e ricevuta della stessa pratica; maschere vuote non sostituiscono casi reali.",content_reviewed_unique_real_documents; normalized_text_dedupe; template_or_near_duplicate_check,25,document_number; issue_date; issuer_name; recipient_name; tax_period; tax_code; tax_amount; protocol_number,fiscal_tax.ricevuta_lipe; insurance.apertura_sinistro
fiscal_tax.dichiarazione_imposta_bollo,dichiarazione imposta di bollo,fiscal_tax,SCHEMA_READY,P1,0,"Esportare invio telematico, modello e ricevuta della stessa pratica; maschere vuote non sostituiscono casi reali.",content_reviewed_unique_real_documents; normalized_text_dedupe; template_or_near_duplicate_check,25,document_number; issue_date; issuer_name; recipient_name; tax_period; tax_code; tax_amount; protocol_number,fiscal_tax.dichiarazione_redditi; fiscal_tax.dichiarazione_iva
fiscal_tax.dichiarazione_intento,dichiarazione di intento,fiscal_tax,SCHEMA_READY,P1,0,"Esportare invio telematico, modello e ricevuta della stessa pratica; maschere vuote non sostituiscono casi reali.",content_reviewed_unique_real_documents; normalized_text_dedupe; template_or_near_duplicate_check,25,document_number; issue_date; issuer_name; recipient_name; tax_period; tax_code; tax_amount; protocol_number,fiscal_tax.dichiarazione_redditi; fiscal_tax.dichiarazione_iva
fiscal_tax.dichiarazione_iva,dichiarazione IVA,fiscal_tax,SCHEMA_READY,P1,0,"Esportare invio telematico, modello e ricevuta della stessa pratica; maschere vuote non sostituiscono casi reali.",content_reviewed_unique_real_documents; normalized_text_dedupe; template_or_near_duplicate_check,25,document_number; issue_date; issuer_name; recipient_name; tax_period; tax_code; tax_amount; protocol_number,fiscal_tax.ricevuta_lipe; fiscal_tax.modello_iva_tr
fiscal_tax.dichiarazione_redditi,dichiarazione redditi,fiscal_tax,SCHEMA_READY,P1,0,"Esportare invio telematico, modello e ricevuta della stessa pratica; maschere vuote non sostituiscono casi reali.",content_reviewed_unique_real_documents; normalized_text_dedupe; template_or_near_duplicate_check,25,document_number; issue_date; issuer_name; recipient_name; tax_period; tax_code; tax_amount; protocol_number,fiscal_tax.dichiarazione_iva; fiscal_tax.dichiarazione_intento
fiscal_tax.intrastat,elenco riepilogativo Intrastat,fiscal_tax,SCHEMA_READY,P1,1,"Esportare invio telematico, modello e ricevuta della stessa pratica; maschere vuote non sostituiscono casi reali.",content_reviewed_unique_real_documents; normalized_text_dedupe; template_or_near_duplicate_check,25,document_number; issue_date; issuer_name; recipient_name; tax_period; tax_code; tax_amount; protocol_number,fiscal_tax.ricevuta_telematica_agenzia_entrate; fiscal_tax.ricevuta_registrazione_contratto
fiscal_tax.istanza_autotutela_tributaria,istanza di autotutela tributaria,fiscal_tax,SCHEMA_READY,P1,0,"Esportare invio telematico, modello e ricevuta della stessa pratica; maschere vuote non sostituiscono casi reali.",content_reviewed_unique_real_documents; normalized_text_dedupe; template_or_near_duplicate_check,25,document_number; issue_date; issuer_name; recipient_name; tax_period; tax_code; tax_amount; protocol_number,fiscal_tax.ricevuta_telematica_agenzia_entrate; fiscal_tax.ricevuta_registrazione_contratto
fiscal_tax.liquidazione_periodica_iva,liquidazione periodica IVA,fiscal_tax,SCHEMA_READY,P1,1,"Esportare invio telematico, modello e ricevuta della stessa pratica; maschere vuote non sostituiscono casi reali.",content_reviewed_unique_real_documents; normalized_text_dedupe; template_or_near_duplicate_check,25,document_number; issue_date; issuer_name; recipient_name; tax_period; tax_code; tax_amount; protocol_number,fiscal_tax.ricevuta_lipe; fiscal_tax.modello_iva_tr
fiscal_tax.modello_730,modello 730,fiscal_tax,SCHEMA_READY,P1,0,"Esportare invio telematico, modello e ricevuta della stessa pratica; maschere vuote non sostituiscono casi reali.",content_reviewed_unique_real_documents; normalized_text_dedupe; template_or_near_duplicate_check,25,document_number; issue_date; issuer_name; recipient_name; tax_period; tax_code; tax_amount; protocol_number,fiscal_tax.modello_iva_tr; fiscal_tax.modello_f24
fiscal_tax.modello_770,modello 770,fiscal_tax,SCHEMA_READY,P1,0,"Esportare invio telematico, modello e ricevuta della stessa pratica; maschere vuote non sostituiscono casi reali.",content_reviewed_unique_real_documents; normalized_text_dedupe; template_or_near_duplicate_check,25,document_number; issue_date; issuer_name; recipient_name; tax_period; tax_code; tax_amount; protocol_number,fiscal_tax.modello_iva_tr; fiscal_tax.modello_f24
fiscal_tax.modello_f24,modello F24,fiscal_tax,PRETESTED,P1,0,"Esportare invio telematico, modello e ricevuta della stessa pratica; maschere vuote non sostituiscono casi reali.",independent_unique_real_positive_documents; independent_layout_or_template_groups; independent_hard_negative_documents; competing_classes_represented; content_only_top1_accuracy; split_group_leakage; regression_contract_pass_rate,25,document_number; issue_date; issuer_name; recipient_name; tax_period; tax_code; tax_amount; protocol_number,fiscal_tax.quietanza_versamento; fiscal_tax.ricevuta_presa_in_carico_f24; fiscal_tax.prospetto_versamenti_f24; identity_personal.codice_fiscale
fiscal_tax.modello_iva_tr,modello IVA TR,fiscal_tax,SCHEMA_READY,P1,0,"Esportare invio telematico, modello e ricevuta della stessa pratica; maschere vuote non sostituiscono casi reali.",content_reviewed_unique_real_documents; normalized_text_dedupe; template_or_near_duplicate_check,25,document_number; issue_date; issuer_name; recipient_name; tax_period; tax_code; tax_amount; protocol_number,fiscal_tax.ricevuta_lipe; fiscal_tax.modello_f24
fiscal_tax.prospetto_versamenti_f24,prospetto versamenti F24,fiscal_tax,PRETESTED,P1,0,"Esportare invio telematico, modello e ricevuta della stessa pratica; maschere vuote non sostituiscono casi reali.",independent_unique_real_positive_documents; independent_layout_or_template_groups; independent_hard_negative_documents; competing_classes_represented; content_only_top1_accuracy; split_group_leakage; regression_contract_pass_rate,25,document_number; issue_date; issuer_name; recipient_name; tax_period; tax_code; tax_amount; protocol_number,fiscal_tax.modello_f24; fiscal_tax.quietanza_versamento
fiscal_tax.quietanza_versamento,quietanza di versamento tributario,fiscal_tax,PRETESTED,P1,0,"Esportare invio telematico, modello e ricevuta della stessa pratica; maschere vuote non sostituiscono casi reali.",independent_unique_real_positive_documents; independent_layout_or_template_groups; independent_hard_negative_documents; competing_classes_represented; content_only_top1_accuracy; split_group_leakage; regression_contract_pass_rate,25,document_number; issue_date; issuer_name; recipient_name; tax_period; tax_code; tax_amount; protocol_number,fiscal_tax.modello_f24; insurance.quietanza_premio_assicurativo; banking.quietanza_pagamento; identity_personal.codice_fiscale
fiscal_tax.ricevuta_lipe,ricevuta comunicazione liquidazioni periodiche IVA,fiscal_tax,SCHEMA_READY,P1,0,"Esportare invio telematico, modello e ricevuta della stessa pratica; maschere vuote non sostituiscono casi reali.",content_reviewed_unique_real_documents; normalized_text_dedupe; template_or_near_duplicate_check,25,document_number; issue_date; issuer_name; recipient_name; tax_period; tax_code; tax_amount; protocol_number,fiscal_tax.ricevuta_telematica_agenzia_entrate; fiscal_tax.ricevuta_registrazione_contratto
fiscal_tax.ricevuta_presa_in_carico_f24,ricevuta presa in carico F24,fiscal_tax,PRETESTED,P1,0,"Esportare invio telematico, modello e ricevuta della stessa pratica; maschere vuote non sostituiscono casi reali.",independent_unique_real_positive_documents; independent_layout_or_template_groups; independent_hard_negative_documents; competing_classes_represented; content_only_top1_accuracy; split_group_leakage; regression_contract_pass_rate,25,document_number; issue_date; issuer_name; recipient_name; tax_period; tax_code; tax_amount; protocol_number,fiscal_tax.modello_f24; fiscal_tax.quietanza_versamento
fiscal_tax.ricevuta_registrazione_contratto,ricevuta registrazione contratto,fiscal_tax,SCHEMA_READY,P1,0,"Esportare invio telematico, modello e ricevuta della stessa pratica; maschere vuote non sostituiscono casi reali.",content_reviewed_unique_real_documents; normalized_text_dedupe; template_or_near_duplicate_check,25,document_number; issue_date; issuer_name; recipient_name; tax_period; tax_code; tax_amount; protocol_number,fiscal_tax.ricevuta_telematica_agenzia_entrate; fiscal_tax.ricevuta_presa_in_carico_f24
fiscal_tax.ricevuta_telematica_agenzia_entrate,ricevuta telematica Agenzia Entrate,fiscal_tax,SCHEMA_READY,P1,0,"Esportare invio telematico, modello e ricevuta della stessa pratica; maschere vuote non sostituiscono casi reali.",content_reviewed_unique_real_documents; normalized_text_dedupe; template_or_near_duplicate_check,25,document_number; issue_date; issuer_name; recipient_name; tax_period; tax_code; tax_amount; protocol_number,fiscal_tax.ricevuta_lipe; fiscal_tax.ricevuta_presa_in_carico_f24
governance_compliance.certificato_iso_37001,certificato ISO 37001,governance_compliance,SCHEMA_READY,P2,1,"Documenti pubblicabili per policy; verbali, segnalazioni e due diligence da fascicoli autorizzati e accessi selettivi.",content_reviewed_unique_real_documents; normalized_text_dedupe; template_or_near_duplicate_check,25,document_number; issue_date; issuer_name; recipient_name,quality_iso.certificato_iso_9001; quality_iso.certificato_iso_50001
governance_compliance.codice_etico,codice etico,governance_compliance,SCHEMA_READY,P2,1,"Documenti pubblicabili per policy; verbali, segnalazioni e due diligence da fascicoli autorizzati e accessi selettivi.",content_reviewed_unique_real_documents; normalized_text_dedupe; template_or_near_duplicate_check,25,document_number; issue_date; issuer_name; recipient_name,identity_personal.codice_fiscale; governance_compliance.whistleblowing_report
governance_compliance.due_diligence_fornitore,due diligence fornitore,governance_compliance,SCHEMA_READY,P2,0,"Documenti pubblicabili per policy; verbali, segnalazioni e due diligence da fascicoli autorizzati e accessi selettivi.",content_reviewed_unique_real_documents; normalized_text_dedupe; template_or_near_duplicate_check,25,document_number; issue_date; issuer_name; recipient_name,quality_iso.rapporto_audit_fornitore; procurement.vendor_scorecard
governance_compliance.modello_231,modello 231,governance_compliance,SCHEMA_READY,P2,1,"Documenti pubblicabili per policy; verbali, segnalazioni e due diligence da fascicoli autorizzati e accessi selettivi.",content_reviewed_unique_real_documents; normalized_text_dedupe; template_or_near_duplicate_check,25,document_number; issue_date; issuer_name; recipient_name,fiscal_tax.modello_iva_tr; fiscal_tax.modello_f24
governance_compliance.nomina_organismo_vigilanza,nomina organismo vigilanza,governance_compliance,SCHEMA_READY,P2,0,"Documenti pubblicabili per policy; verbali, segnalazioni e due diligence da fascicoli autorizzati e accessi selettivi.",content_reviewed_unique_real_documents; normalized_text_dedupe; template_or_near_duplicate_check,25,document_number; issue_date; issuer_name; recipient_name,privacy_gdpr.nomina_responsabile_trattamento; privacy_gdpr.nomina_dpo
governance_compliance.policy_anticorruzione,policy anticorruzione,governance_compliance,SCHEMA_READY,P2,1,"Documenti pubblicabili per policy; verbali, segnalazioni e due diligence da fascicoli autorizzati e accessi selettivi.",content_reviewed_unique_real_documents; normalized_text_dedupe; template_or_near_duplicate_check,25,document_number; issue_date; issuer_name; recipient_name,it_security.policy_sicurezza_it; governance_compliance.whistleblowing_report
governance_compliance.questionario_compliance,questionario compliance,governance_compliance,SCHEMA_READY,P2,0,"Documenti pubblicabili per policy; verbali, segnalazioni e due diligence da fascicoli autorizzati e accessi selettivi.",content_reviewed_unique_real_documents; normalized_text_dedupe; template_or_near_duplicate_check,25,document_number; issue_date; issuer_name; recipient_name,procurement.questionario_qualifica_fornitore; pnrr_esg.questionario_esg_fornitore
governance_compliance.verbale_odv,verbale ODV,governance_compliance,SCHEMA_READY,P2,0,"Documenti pubblicabili per policy; verbali, segnalazioni e due diligence da fascicoli autorizzati e accessi selettivi.",content_reviewed_unique_real_documents; normalized_text_dedupe; template_or_near_duplicate_check,25,document_number; issue_date; issuer_name; recipient_name,vehicles_transport.verbale_consegna_veicolo; sales_customers.verbale_accettazione_cliente
governance_compliance.whistleblowing_report,whistleblowing report,governance_compliance,SCHEMA_READY,P2,0,"Documenti pubblicabili per policy; verbali, segnalazioni e due diligence da fascicoli autorizzati e accessi selettivi.",content_reviewed_unique_real_documents; normalized_text_dedupe; template_or_near_duplicate_check,25,document_number; issue_date; issuer_name; recipient_name,privacy_gdpr.data_breach_report; pnrr_esg.report_avanzamento_pnrr
grants_incentives.avviso_pubblico,avviso pubblico,grants_incentives,SCHEMA_READY,P2,1,"Bando e atti pubblici dal procedimento; domanda, rendiconto e quietanze dal proprio fascicolo autorizzato.",content_reviewed_unique_real_documents; normalized_text_dedupe; template_or_near_duplicate_check,25,document_number; issue_date; issuer_name; recipient_name,public_contracts.contratto_appalto_pubblico; payments_treasury.avviso_pagamento
grants_incentives.bando_contributi,bando contributi,grants_incentives,SCHEMA_READY,P2,1,"Bando e atti pubblici dal procedimento; domanda, rendiconto e quietanze dal proprio fascicolo autorizzato.",content_reviewed_unique_real_documents; normalized_text_dedupe; template_or_near_duplicate_check,25,document_number; issue_date; issuer_name; recipient_name,public_procurement.bando_gara; grants_incentives.avviso_pubblico
grants_incentives.decreto_concessione_contributo,decreto concessione contributo,grants_incentives,SCHEMA_READY,P2,1,"Bando e atti pubblici dal procedimento; domanda, rendiconto e quietanze dal proprio fascicolo autorizzato.",content_reviewed_unique_real_documents; normalized_text_dedupe; template_or_near_duplicate_check,25,document_number; issue_date; issuer_name; recipient_name,grants_incentives.richiesta_erogazione_saldo; grants_incentives.rendiconto_contributo
grants_incentives.domanda_contributo,domanda di contributo,grants_incentives,SCHEMA_READY,P2,0,"Bando e atti pubblici dal procedimento; domanda, rendiconto e quietanze dal proprio fascicolo autorizzato.",content_reviewed_unique_real_documents; normalized_text_dedupe; template_or_near_duplicate_check,25,document_number; issue_date; issuer_name; recipient_name,grants_incentives.domanda_partecipazione_bando; grants_incentives.rendiconto_contributo
grants_incentives.domanda_partecipazione_bando,domanda partecipazione bando,grants_incentives,SCHEMA_READY,P2,0,"Bando e atti pubblici dal procedimento; domanda, rendiconto e quietanze dal proprio fascicolo autorizzato.",content_reviewed_unique_real_documents; normalized_text_dedupe; template_or_near_duplicate_check,25,document_number; issue_date; issuer_name; recipient_name,grants_incentives.graduatoria_bando; grants_incentives.domanda_contributo
grants_incentives.graduatoria_bando,graduatoria bando,grants_incentives,SCHEMA_READY,P2,1,"Bando e atti pubblici dal procedimento; domanda, rendiconto e quietanze dal proprio fascicolo autorizzato.",content_reviewed_unique_real_documents; normalized_text_dedupe; template_or_near_duplicate_check,25,document_number; issue_date; issuer_name; recipient_name,grants_incentives.domanda_partecipazione_bando; grants_incentives.bando_contributi
grants_incentives.lettera_ammissione_finanziamento,lettera ammissione a finanziamento,grants_incentives,SCHEMA_READY,P2,0,"Bando e atti pubblici dal procedimento; domanda, rendiconto e quietanze dal proprio fascicolo autorizzato.",content_reviewed_unique_real_documents; normalized_text_dedupe; template_or_near_duplicate_check,25,document_number; issue_date; issuer_name; recipient_name,vehicles_transport.lettera_vettura_cmr; public_procurement.lettera_invito
grants_incentives.rendiconto_contributo,rendiconto contributo,grants_incentives,SCHEMA_READY,P2,0,"Bando e atti pubblici dal procedimento; domanda, rendiconto e quietanze dal proprio fascicolo autorizzato.",content_reviewed_unique_real_documents; normalized_text_dedupe; template_or_near_duplicate_check,25,document_number; issue_date; issuer_name; recipient_name,grants_incentives.richiesta_erogazione_saldo; grants_incentives.domanda_contributo
grants_incentives.richiesta_erogazione_saldo,richiesta erogazione saldo contributo,grants_incentives,SCHEMA_READY,P2,0,"Bando e atti pubblici dal procedimento; domanda, rendiconto e quietanze dal proprio fascicolo autorizzato.",content_reviewed_unique_real_documents; normalized_text_dedupe; template_or_near_duplicate_check,25,document_number; issue_date; issuer_name; recipient_name,grants_incentives.rendiconto_contributo; grants_incentives.domanda_contributo
hr_employment.accordo_smart_working,accordo di lavoro agile,hr_employment,SCHEMA_READY,P2,0,"Pratica HR autorizzata con eventi e date; export CO per UNILAV, payroll per cedolino; non usare esempi personali reperiti casualmente.",content_reviewed_unique_real_documents; normalized_text_dedupe; template_or_near_duplicate_check,25,document_number; issue_date; issuer_name; recipient_name; employee_name; effective_date; job_title,hr_employment.contratto_lavoro; privacy_gdpr.accordo_contitolarita
hr_employment.cedolino_paga,cedolino paga,hr_employment,SCHEMA_READY,P2,0,"Pratica HR autorizzata con eventi e date; export CO per UNILAV, payroll per cedolino; non usare esempi personali reperiti casualmente.",content_reviewed_unique_real_documents; normalized_text_dedupe; template_or_near_duplicate_check,25,document_number; issue_date; issuer_name; recipient_name; employee_name; effective_date; job_title,hr_employment.unilav_trasformazione; hr_employment.unilav_proroga
hr_employment.comunicazione_superamento_prova,comunicazione superamento periodo di prova,hr_employment,SCHEMA_READY,P2,0,"Pratica HR autorizzata con eventi e date; export CO per UNILAV, payroll per cedolino; non usare esempi personali reperiti casualmente.",content_reviewed_unique_real_documents; normalized_text_dedupe; template_or_near_duplicate_check,25,document_number; issue_date; issuer_name; recipient_name; employee_name; effective_date; job_title,technical_products.rapporto_prova_laboratorio; logistics_warehouse.prova_consegna_pod
hr_employment.contestazione_disciplinare,contestazione disciplinare,hr_employment,SCHEMA_READY,P2,0,"Pratica HR autorizzata con eventi e date; export CO per UNILAV, payroll per cedolino; non usare esempi personali reperiti casualmente.",content_reviewed_unique_real_documents; normalized_text_dedupe; template_or_near_duplicate_check,25,document_number; issue_date; issuer_name; recipient_name; employee_name; effective_date; job_title,hr_employment.lettera_sanzione_disciplinare; public_procurement.disciplinare_gara
hr_employment.contratto_distacco_temporaneo,contratto di distacco temporaneo,hr_employment,SCHEMA_READY,P2,0,"Pratica HR autorizzata con eventi e date; export CO per UNILAV, payroll per cedolino; non usare esempi personali reperiti casualmente.",content_reviewed_unique_real_documents; normalized_text_dedupe; template_or_near_duplicate_check,25,document_number; issue_date; issuer_name; recipient_name; employee_name; effective_date; job_title,hr_employment.lettera_distacco_temporaneo; hr_employment.contratto_lavoro
hr_employment.contratto_lavoro,contratto lavoro,hr_employment,SCHEMA_READY,P2,0,"Pratica HR autorizzata con eventi e date; export CO per UNILAV, payroll per cedolino; non usare esempi personali reperiti casualmente.",content_reviewed_unique_real_documents; normalized_text_dedupe; template_or_near_duplicate_check,25,document_number; issue_date; issuer_name; recipient_name; employee_name; effective_date; job_title,hr_employment.contratto_distacco_temporaneo; hr_employment.accordo_smart_working
hr_employment.dimissioni_volontarie,dimissioni volontarie,hr_employment,SCHEMA_READY,P2,0,"Pratica HR autorizzata con eventi e date; export CO per UNILAV, payroll per cedolino; non usare esempi personali reperiti casualmente.",content_reviewed_unique_real_documents; normalized_text_dedupe; template_or_near_duplicate_check,25,document_number; issue_date; issuer_name; recipient_name; employee_name; effective_date; job_title,hr_employment.unilav_trasformazione; hr_employment.unilav_proroga
hr_employment.lettera_assunzione,lettera assunzione,hr_employment,SCHEMA_READY,P2,0,"Pratica HR autorizzata con eventi e date; export CO per UNILAV, payroll per cedolino; non usare esempi personali reperiti casualmente.",content_reviewed_unique_real_documents; normalized_text_dedupe; template_or_near_duplicate_check,25,document_number; issue_date; issuer_name; recipient_name; employee_name; effective_date; job_title,hr_employment.unilav_assunzione; hr_employment.lettera_variazione_retributiva
hr_employment.lettera_distacco_temporaneo,lettera di distacco temporaneo,hr_employment,SCHEMA_READY,P2,0,"Pratica HR autorizzata con eventi e date; export CO per UNILAV, payroll per cedolino; non usare esempi personali reperiti casualmente.",content_reviewed_unique_real_documents; normalized_text_dedupe; template_or_near_duplicate_check,25,document_number; issue_date; issuer_name; recipient_name; employee_name; effective_date; job_title,hr_employment.contratto_distacco_temporaneo; hr_employment.lettera_variazione_retributiva
hr_employment.lettera_licenziamento,lettera di licenziamento,hr_employment,SCHEMA_READY,P2,0,"Pratica HR autorizzata con eventi e date; export CO per UNILAV, payroll per cedolino; non usare esempi personali reperiti casualmente.",content_reviewed_unique_real_documents; normalized_text_dedupe; template_or_near_duplicate_check,25,document_number; issue_date; issuer_name; recipient_name; employee_name; effective_date; job_title,hr_employment.lettera_variazione_retributiva; hr_employment.lettera_trasferimento
hr_employment.lettera_promozione,lettera di promozione,hr_employment,SCHEMA_READY,P2,0,"Pratica HR autorizzata con eventi e date; export CO per UNILAV, payroll per cedolino; non usare esempi personali reperiti casualmente.",content_reviewed_unique_real_documents; normalized_text_dedupe; template_or_near_duplicate_check,25,document_number; issue_date; issuer_name; recipient_name; employee_name; effective_date; job_title,hr_employment.lettera_variazione_retributiva; hr_employment.lettera_trasferimento
hr_employment.lettera_sanzione_disciplinare,lettera di sanzione disciplinare,hr_employment,SCHEMA_READY,P2,0,"Pratica HR autorizzata con eventi e date; export CO per UNILAV, payroll per cedolino; non usare esempi personali reperiti casualmente.",content_reviewed_unique_real_documents; normalized_text_dedupe; template_or_near_duplicate_check,25,document_number; issue_date; issuer_name; recipient_name; employee_name; effective_date; job_title,hr_employment.contestazione_disciplinare; hr_employment.lettera_licenziamento
hr_employment.lettera_trasferimento,lettera di trasferimento,hr_employment,SCHEMA_READY,P2,0,"Pratica HR autorizzata con eventi e date; export CO per UNILAV, payroll per cedolino; non usare esempi personali reperiti casualmente.",content_reviewed_unique_real_documents; normalized_text_dedupe; template_or_near_duplicate_check,25,document_number; issue_date; issuer_name; recipient_name; employee_name; effective_date; job_title,hr_employment.lettera_variazione_retributiva; hr_employment.lettera_sanzione_disciplinare
hr_employment.lettera_variazione_retributiva,lettera variazione retributiva,hr_employment,SCHEMA_READY,P2,0,"Pratica HR autorizzata con eventi e date; export CO per UNILAV, payroll per cedolino; non usare esempi personali reperiti casualmente.",content_reviewed_unique_real_documents; normalized_text_dedupe; template_or_near_duplicate_check,25,document_number; issue_date; issuer_name; recipient_name; employee_name; effective_date; job_title,hr_employment.lettera_trasferimento; hr_employment.lettera_sanzione_disciplinare
hr_employment.patto_non_concorrenza,patto di non concorrenza,hr_employment,SCHEMA_READY,P2,0,"Pratica HR autorizzata con eventi e date; export CO per UNILAV, payroll per cedolino; non usare esempi personali reperiti casualmente.",content_reviewed_unique_real_documents; normalized_text_dedupe; template_or_near_duplicate_check,25,document_number; issue_date; issuer_name; recipient_name; employee_name; effective_date; job_title,quality_iso.rapporto_non_conformita; legal_corporate.patto_parasociale
hr_employment.unilav_assunzione,UNILAV assunzione,hr_employment,PRETESTED,P1,0,"Pratica HR autorizzata con eventi e date; export CO per UNILAV, payroll per cedolino; non usare esempi personali reperiti casualmente.",independent_unique_real_positive_documents; independent_layout_or_template_groups; independent_hard_negative_documents; competing_classes_represented; content_only_top1_accuracy; split_group_leakage; regression_contract_pass_rate,25,document_number; issue_date; issuer_name; recipient_name; employee_name; effective_date; job_title,hr_employment.unilav_trasformazione; hr_employment.unilav_proroga; hr_employment.unilav_cessazione; identity_personal.codice_fiscale
hr_employment.unilav_cessazione,UNILAV cessazione,hr_employment,PRETESTED,P1,0,"Pratica HR autorizzata con eventi e date; export CO per UNILAV, payroll per cedolino; non usare esempi personali reperiti casualmente.",independent_unique_real_positive_documents; independent_layout_or_template_groups; independent_hard_negative_documents; competing_classes_represented; content_only_top1_accuracy; split_group_leakage; regression_contract_pass_rate,25,document_number; issue_date; issuer_name; recipient_name; employee_name; effective_date; job_title,hr_employment.unilav_assunzione; hr_employment.unilav_trasformazione; hr_employment.unilav_proroga; identity_personal.codice_fiscale
hr_employment.unilav_proroga,UNILAV proroga,hr_employment,PRETESTED,P1,0,"Pratica HR autorizzata con eventi e date; export CO per UNILAV, payroll per cedolino; non usare esempi personali reperiti casualmente.",independent_unique_real_positive_documents; independent_layout_or_template_groups; independent_hard_negative_documents; competing_classes_represented; content_only_top1_accuracy; split_group_leakage; regression_contract_pass_rate,25,document_number; issue_date; issuer_name; recipient_name; employee_name; effective_date; job_title,hr_employment.unilav_assunzione; hr_employment.unilav_trasformazione; hr_employment.unilav_cessazione; identity_personal.codice_fiscale
hr_employment.unilav_trasformazione,UNILAV trasformazione,hr_employment,PRETESTED,P1,0,"Pratica HR autorizzata con eventi e date; export CO per UNILAV, payroll per cedolino; non usare esempi personali reperiti casualmente.",independent_unique_real_positive_documents; independent_layout_or_template_groups; independent_hard_negative_documents; competing_classes_represented; content_only_top1_accuracy; split_group_leakage; regression_contract_pass_rate,25,document_number; issue_date; issuer_name; recipient_name; employee_name; effective_date; job_title,hr_employment.unilav_assunzione; hr_employment.unilav_proroga; hr_employment.unilav_cessazione; identity_personal.codice_fiscale
hr_payroll.prospetto_costo_del_personale,prospetto costo del personale,hr_payroll,SCHEMA_READY,P2,0,Stesso periodo e perimetro personale per report PDF e dati; costo aziendale diverso dal netto cedolino.,content_reviewed_unique_real_documents; normalized_text_dedupe; template_or_near_duplicate_check,25,document_number; issue_date; issuer_name; recipient_name,vehicles_transport.prospetto_indennita_chilometrica; payroll_contributions.prospetto_tfr
hr_personnel.autorizzazione_trasferta,autorizzazione trasferta,hr_personnel,SCHEMA_READY,P2,0,"Export richiesta/approvazione o nota spese dal gestionale, conservando stato, periodo e allegati autorizzati.",content_reviewed_unique_real_documents; normalized_text_dedupe; template_or_near_duplicate_check,25,document_number; issue_date; issuer_name; recipient_name; employee_name; period_start; period_end,hr_personnel.trasferta_dipendente; hr_personnel.report_spese_trasferta
hr_personnel.cambio_iban_dipendente,cambio IBAN dipendente,hr_personnel,SCHEMA_READY,P2,0,"Export richiesta/approvazione o nota spese dal gestionale, conservando stato, periodo e allegati autorizzati.",content_reviewed_unique_real_documents; normalized_text_dedupe; template_or_near_duplicate_check,25,document_number; issue_date; issuer_name; recipient_name; employee_name; period_start; period_end,hr_personnel.variazione_residenza_dipendente; hr_personnel.trasferta_dipendente
hr_personnel.foglio_presenze,foglio presenze,hr_personnel,SCHEMA_READY,P2,0,"Export richiesta/approvazione o nota spese dal gestionale, conservando stato, periodo e allegati autorizzati.",content_reviewed_unique_real_documents; normalized_text_dedupe; template_or_near_duplicate_check,25,document_number; issue_date; issuer_name; recipient_name; employee_name; period_start; period_end,hr_personnel.verbale_consegna_beni_aziendali; hr_personnel.variazione_residenza_dipendente
hr_personnel.informativa_fondo_pensione,informativa fondo pensione,hr_personnel,SCHEMA_READY,P2,0,"Export richiesta/approvazione o nota spese dal gestionale, conservando stato, periodo e allegati autorizzati.",content_reviewed_unique_real_documents; normalized_text_dedupe; template_or_near_duplicate_check,25,document_number; issue_date; issuer_name; recipient_name; employee_name; period_start; period_end,privacy_gdpr.informativa_privacy; environment.informativa_tariffaria_rifiuti
hr_personnel.modulo_detrazioni_fiscali,modulo detrazioni fiscali dipendente,hr_personnel,SCHEMA_READY,P2,0,"Export richiesta/approvazione o nota spese dal gestionale, conservando stato, periodo e allegati autorizzati.",content_reviewed_unique_real_documents; normalized_text_dedupe; template_or_near_duplicate_check,25,document_number; issue_date; issuer_name; recipient_name; employee_name; period_start; period_end,hr_personnel.variazione_residenza_dipendente; hr_personnel.trasferta_dipendente
hr_personnel.nota_spese,nota spese,hr_personnel,SCHEMA_READY,P2,0,"Export richiesta/approvazione o nota spese dal gestionale, conservando stato, periodo e allegati autorizzati.",content_reviewed_unique_real_documents; normalized_text_dedupe; template_or_near_duplicate_check,25,document_number; issue_date; issuer_name; recipient_name; employee_name; period_start; period_end,hr_personnel.rimborso_spese; hr_personnel.report_spese_trasferta
hr_personnel.prospetto_rimborsi_chilometrici,prospetto rimborsi chilometrici,hr_personnel,SCHEMA_READY,P2,0,"Export richiesta/approvazione o nota spese dal gestionale, conservando stato, periodo e allegati autorizzati.",content_reviewed_unique_real_documents; normalized_text_dedupe; template_or_near_duplicate_check,25,document_number; issue_date; issuer_name; recipient_name; employee_name; period_start; period_end,vehicles_transport.prospetto_indennita_chilometrica; payroll_contributions.prospetto_tfr
hr_personnel.report_spese_trasferta,report spese trasferta,hr_personnel,SCHEMA_READY,P2,0,"Export richiesta/approvazione o nota spese dal gestionale, conservando stato, periodo e allegati autorizzati.",content_reviewed_unique_real_documents; normalized_text_dedupe; template_or_near_duplicate_check,25,document_number; issue_date; issuer_name; recipient_name; employee_name; period_start; period_end,hr_personnel.nota_spese; hr_personnel.autorizzazione_trasferta
hr_personnel.richiesta_congedo,richiesta di congedo,hr_personnel,SCHEMA_READY,P2,0,"Export richiesta/approvazione o nota spese dal gestionale, conservando stato, periodo e allegati autorizzati.",content_reviewed_unique_real_documents; normalized_text_dedupe; template_or_near_duplicate_check,25,document_number; issue_date; issuer_name; recipient_name; employee_name; period_start; period_end,hr_personnel.richiesta_permesso; hr_personnel.richiesta_ferie
hr_personnel.richiesta_ferie,richiesta ferie,hr_personnel,SCHEMA_READY,P2,0,"Export richiesta/approvazione o nota spese dal gestionale, conservando stato, periodo e allegati autorizzati.",content_reviewed_unique_real_documents; normalized_text_dedupe; template_or_near_duplicate_check,25,document_number; issue_date; issuer_name; recipient_name; employee_name; period_start; period_end,hr_personnel.richiesta_permesso; hr_personnel.richiesta_congedo
hr_personnel.richiesta_permesso,richiesta permesso,hr_personnel,SCHEMA_READY,P2,0,"Export richiesta/approvazione o nota spese dal gestionale, conservando stato, periodo e allegati autorizzati.",content_reviewed_unique_real_documents; normalized_text_dedupe; template_or_near_duplicate_check,25,document_number; issue_date; issuer_name; recipient_name; employee_name; period_start; period_end,hr_personnel.richiesta_ferie; hr_personnel.richiesta_congedo
hr_personnel.rimborso_spese,rimborso spese,hr_personnel,SCHEMA_READY,P2,0,"Export richiesta/approvazione o nota spese dal gestionale, conservando stato, periodo e allegati autorizzati.",content_reviewed_unique_real_documents; normalized_text_dedupe; template_or_near_duplicate_check,25,document_number; issue_date; issuer_name; recipient_name; employee_name; period_start; period_end,hr_personnel.report_spese_trasferta; hr_personnel.nota_spese
hr_personnel.scelta_destinazione_tfr,scelta destinazione TFR,hr_personnel,SCHEMA_READY,P2,0,"Export richiesta/approvazione o nota spese dal gestionale, conservando stato, periodo e allegati autorizzati.",content_reviewed_unique_real_documents; normalized_text_dedupe; template_or_near_duplicate_check,25,document_number; issue_date; issuer_name; recipient_name; employee_name; period_start; period_end,payroll_contributions.prospetto_tfr; hr_personnel.verbale_consegna_beni_aziendali
hr_personnel.scheda_valutazione_performance,scheda valutazione performance,hr_personnel,SCHEMA_READY,P2,0,"Export richiesta/approvazione o nota spese dal gestionale, conservando stato, periodo e allegati autorizzati.",content_reviewed_unique_real_documents; normalized_text_dedupe; template_or_near_duplicate_check,25,document_number; issue_date; issuer_name; recipient_name; employee_name; period_start; period_end,procurement.vendor_scorecard; vehicles_transport.scheda_tachigrafica
hr_personnel.trasferta_dipendente,trasferta dipendente,hr_personnel,SCHEMA_READY,P2,0,"Export richiesta/approvazione o nota spese dal gestionale, conservando stato, periodo e allegati autorizzati.",content_reviewed_unique_real_documents; normalized_text_dedupe; template_or_near_duplicate_check,25,document_number; issue_date; issuer_name; recipient_name; employee_name; period_start; period_end,hr_personnel.variazione_residenza_dipendente; hr_personnel.report_spese_trasferta
hr_personnel.variazione_residenza_dipendente,variazione residenza dipendente,hr_personnel,SCHEMA_READY,P2,0,"Export richiesta/approvazione o nota spese dal gestionale, conservando stato, periodo e allegati autorizzati.",content_reviewed_unique_real_documents; normalized_text_dedupe; template_or_near_duplicate_check,25,document_number; issue_date; issuer_name; recipient_name; employee_name; period_start; period_end,hr_personnel.trasferta_dipendente; hr_personnel.modulo_detrazioni_fiscali
hr_personnel.verbale_consegna_beni_aziendali,verbale consegna beni aziendali,hr_personnel,SCHEMA_READY,P2,0,"Export richiesta/approvazione o nota spese dal gestionale, conservando stato, periodo e allegati autorizzati.",content_reviewed_unique_real_documents; normalized_text_dedupe; template_or_near_duplicate_check,25,document_number; issue_date; issuer_name; recipient_name; employee_name; period_start; period_end,vehicles_transport.verbale_consegna_veicolo; rentals.verbale_consegna_bene_noleggiato
hr_recruiting.curriculum_vitae,curriculum vitae,hr_recruiting,SCHEMA_READY,P3,1,"CV e candidatura associati al medesimo record ATS; Europass è struttura/facsimile, non corpus di persone reali.",content_reviewed_unique_real_documents; normalized_text_dedupe; template_or_near_duplicate_check,25,document_number; issue_date; issuer_name; recipient_name,hr_recruiting.domanda_candidatura
hr_recruiting.domanda_candidatura,domanda di candidatura,hr_recruiting,SCHEMA_READY,P3,0,"CV e candidatura associati al medesimo record ATS; Europass è struttura/facsimile, non corpus di persone reali.",content_reviewed_unique_real_documents; normalized_text_dedupe; template_or_near_duplicate_check,25,document_number; issue_date; issuer_name; recipient_name,grants_incentives.domanda_partecipazione_bando; grants_incentives.domanda_contributo
hr_training.piano_formativo_individuale,piano formativo individuale,hr_training,SCHEMA_READY,P2,0,"Piano individuale autorizzato, relazione con contratto e registro formazione; distinguere piano e attestato.",content_reviewed_unique_real_documents; normalized_text_dedupe; template_or_near_duplicate_check,25,document_number; issue_date; issuer_name; recipient_name,quality_iso.piano_miglioramento; quality_iso.piano_haccp
hr_welfare.prospetto_welfare_aziendale,prospetto welfare aziendale,hr_welfare,SCHEMA_READY,P3,0,Regolamento pubblicabile e report privato autorizzato; regole non dimostrano importi spettanti al singolo.,content_reviewed_unique_real_documents; normalized_text_dedupe; template_or_near_duplicate_check,25,document_number; issue_date; issuer_name; recipient_name,hr_welfare.regolamento_welfare; vehicles_transport.prospetto_indennita_chilometrica
hr_welfare.regolamento_welfare,regolamento welfare aziendale,hr_welfare,SCHEMA_READY,P3,0,Regolamento pubblicabile e report privato autorizzato; regole non dimostrano importi spettanti al singolo.,content_reviewed_unique_real_documents; normalized_text_dedupe; template_or_near_duplicate_check,25,document_number; issue_date; issuer_name; recipient_name,hr_welfare.prospetto_welfare_aziendale; finance_corporate.piano_risanamento_aziendale
hse_health.certificato_malattia,certificato malattia,hse_health,SCHEMA_READY,P2,0,Campioni minimizzati e autorizzati; nessuna raccolta web di dati sanitari. Confermare significato delle idoneità con esperto.,content_reviewed_unique_real_documents; normalized_text_dedupe; template_or_near_duplicate_check,25,document_number; issue_date; issuer_name; recipient_name,hse_health.denuncia_malattia_professionale_inail; vehicles_transport.certificato_proprieta_veicolo
hse_health.comunicazione_infortunio,comunicazione infortunio,hse_health,SCHEMA_READY,P2,0,Campioni minimizzati e autorizzati; nessuna raccolta web di dati sanitari. Confermare significato delle idoneità con esperto.,content_reviewed_unique_real_documents; normalized_text_dedupe; template_or_near_duplicate_check,25,document_number; issue_date; issuer_name; recipient_name,hse_health.denuncia_infortunio_inail; insurance.apertura_sinistro
hse_health.denuncia_infortunio_inail,denuncia infortunio INAIL,hse_health,SCHEMA_READY,P2,0,Campioni minimizzati e autorizzati; nessuna raccolta web di dati sanitari. Confermare significato delle idoneità con esperto.,content_reviewed_unique_real_documents; normalized_text_dedupe; template_or_near_duplicate_check,25,document_number; issue_date; issuer_name; recipient_name,hse_health.denuncia_malattia_professionale_inail; hse_health.comunicazione_infortunio
hse_health.denuncia_malattia_professionale_inail,denuncia malattia professionale INAIL,hse_health,SCHEMA_READY,P2,0,Campioni minimizzati e autorizzati; nessuna raccolta web di dati sanitari. Confermare significato delle idoneità con esperto.,content_reviewed_unique_real_documents; normalized_text_dedupe; template_or_near_duplicate_check,25,document_number; issue_date; issuer_name; recipient_name,hse_health.denuncia_infortunio_inail; hse_health.comunicazione_infortunio
hse_health.giudizio_idoneita,giudizio idoneità,hse_health,PRETESTED,P1,0,Campioni minimizzati e autorizzati; nessuna raccolta web di dati sanitari. Confermare significato delle idoneità con esperto.,independent_unique_real_positive_documents; independent_layout_or_template_groups; independent_hard_negative_documents; competing_classes_represented; content_only_top1_accuracy; split_group_leakage; regression_contract_pass_rate,25,document_number; issue_date; issuer_name; recipient_name,hse_health.verbale_sopralluogo_medico_competente; hse_health.registro_sorveglianza_sanitaria
hse_health.nomina_medico_competente,nomina medico competente,hse_health,SCHEMA_READY,P2,0,Campioni minimizzati e autorizzati; nessuna raccolta web di dati sanitari. Confermare significato delle idoneità con esperto.,content_reviewed_unique_real_documents; normalized_text_dedupe; template_or_near_duplicate_check,25,document_number; issue_date; issuer_name; recipient_name,hse_health.verbale_sopralluogo_medico_competente; privacy_gdpr.nomina_responsabile_trattamento
hse_health.protocollo_sanitario,protocollo sanitario,hse_health,SCHEMA_READY,P2,0,Campioni minimizzati e autorizzati; nessuna raccolta web di dati sanitari. Confermare significato delle idoneità con esperto.,content_reviewed_unique_real_documents; normalized_text_dedupe; template_or_near_duplicate_check,25,document_number; issue_date; issuer_name; recipient_name,hse_health.verbale_sopralluogo_medico_competente; hse_health.registro_sorveglianza_sanitaria
hse_health.registro_sorveglianza_sanitaria,registro sorveglianza sanitaria,hse_health,SCHEMA_READY,P2,0,Campioni minimizzati e autorizzati; nessuna raccolta web di dati sanitari. Confermare significato delle idoneità con esperto.,content_reviewed_unique_real_documents; normalized_text_dedupe; template_or_near_duplicate_check,25,document_number; issue_date; issuer_name; recipient_name,vehicles_transport.registro_carburante; privacy_gdpr.registro_trattamenti
hse_health.verbale_sopralluogo_medico_competente,verbale sopralluogo medico competente,hse_health,SCHEMA_READY,P2,0,Campioni minimizzati e autorizzati; nessuna raccolta web di dati sanitari. Confermare significato delle idoneità con esperto.,content_reviewed_unique_real_documents; normalized_text_dedupe; template_or_near_duplicate_check,25,document_number; issue_date; issuer_name; recipient_name,hse_health.nomina_medico_competente; vehicles_transport.verbale_consegna_veicolo
hse_risk.accettazione_psc,accettazione PSC,hse_risk,SCHEMA_READY,P1,0,Fascicolo sicurezza con indice e documenti effettivi; citazione di POS/DVR nel PSC non vale come positivo della classe.,content_reviewed_unique_real_documents; normalized_text_dedupe; template_or_near_duplicate_check,25,document_number; issue_date; issuer_name; recipient_name; site_name; effective_date; hazard_or_activity,hse_risk.relazione_tecnica_psc; hse_risk.psc
hse_risk.consegna_dpi,verbale/consegna DPI,hse_risk,SCHEMA_READY,P1,0,Fascicolo sicurezza con indice e documenti effettivi; citazione di POS/DVR nel PSC non vale come positivo della classe.,content_reviewed_unique_real_documents; normalized_text_dedupe; template_or_near_duplicate_check,25,document_number; issue_date; issuer_name; recipient_name; site_name; effective_date; hazard_or_activity,vehicles_transport.verbale_consegna_veicolo; rentals.verbale_consegna_bene_noleggiato
hse_risk.duvri,DUVRI,hse_risk,SCHEMA_READY,P1,1,Fascicolo sicurezza con indice e documenti effettivi; citazione di POS/DVR nel PSC non vale come positivo della classe.,content_reviewed_unique_real_documents; normalized_text_dedupe; template_or_near_duplicate_check,25,document_number; issue_date; issuer_name; recipient_name; site_name; effective_date; hazard_or_activity,hse_risk.verbale_rls; hse_risk.verbale_riunione_periodica_sicurezza
hse_risk.dvr,DVR,hse_risk,SCHEMA_READY,P1,0,Fascicolo sicurezza con indice e documenti effettivi; citazione di POS/DVR nel PSC non vale come positivo della classe.,content_reviewed_unique_real_documents; normalized_text_dedupe; template_or_near_duplicate_check,25,document_number; issue_date; issuer_name; recipient_name; site_name; effective_date; hazard_or_activity,hse_risk.verbale_rls; hse_risk.verbale_riunione_periodica_sicurezza
hse_risk.nomina_preposto,nomina preposto,hse_risk,SCHEMA_READY,P1,0,Fascicolo sicurezza con indice e documenti effettivi; citazione di POS/DVR nel PSC non vale come positivo della classe.,content_reviewed_unique_real_documents; normalized_text_dedupe; template_or_near_duplicate_check,25,document_number; issue_date; issuer_name; recipient_name; site_name; effective_date; hazard_or_activity,hse_risk.nomina_rspp; hse_risk.nomina_rls
hse_risk.nomina_rls,nomina o elezione RLS,hse_risk,SCHEMA_READY,P1,0,Fascicolo sicurezza con indice e documenti effettivi; citazione di POS/DVR nel PSC non vale come positivo della classe.,content_reviewed_unique_real_documents; normalized_text_dedupe; template_or_near_duplicate_check,25,document_number; issue_date; issuer_name; recipient_name; site_name; effective_date; hazard_or_activity,hse_risk.verbale_rls; hse_risk.nomina_rspp
hse_risk.nomina_rspp,nomina RSPP,hse_risk,SCHEMA_READY,P1,0,Fascicolo sicurezza con indice e documenti effettivi; citazione di POS/DVR nel PSC non vale come positivo della classe.,content_reviewed_unique_real_documents; normalized_text_dedupe; template_or_near_duplicate_check,25,document_number; issue_date; issuer_name; recipient_name; site_name; effective_date; hazard_or_activity,hse_risk.nomina_rls; hse_risk.nomina_preposto
hse_risk.permesso_di_lavoro,permesso di lavoro,hse_risk,SCHEMA_READY,P1,0,Fascicolo sicurezza con indice e documenti effettivi; citazione di POS/DVR nel PSC non vale come positivo della classe.,content_reviewed_unique_real_documents; normalized_text_dedupe; template_or_near_duplicate_check,25,document_number; issue_date; issuer_name; recipient_name; site_name; effective_date; hazard_or_activity,hse_risk.valutazione_stress_lavoro_correlato; identity_personal.permesso_di_soggiorno
hse_risk.piano_emergenza_evacuazione,piano di emergenza ed evacuazione,hse_risk,SCHEMA_READY,P1,1,Fascicolo sicurezza con indice e documenti effettivi; citazione di POS/DVR nel PSC non vale come positivo della classe.,content_reviewed_unique_real_documents; normalized_text_dedupe; template_or_near_duplicate_check,25,document_number; issue_date; issuer_name; recipient_name; site_name; effective_date; hazard_or_activity,it_security.business_continuity_plan; hse_risk.dvr
hse_risk.pos,POS,hse_risk,PRETESTED,P1,0,Fascicolo sicurezza con indice e documenti effettivi; citazione di POS/DVR nel PSC non vale come positivo della classe.,independent_unique_real_positive_documents; independent_layout_or_template_groups; independent_hard_negative_documents; competing_classes_represented; content_only_top1_accuracy; split_group_leakage; regression_contract_pass_rate,25,document_number; issue_date; issuer_name; recipient_name; site_name; effective_date; hazard_or_activity,payments_treasury.ricevuta_pos; hse_risk.verbale_rls
hse_risk.psc,PSC,hse_risk,PRETESTED,P1,1,Fascicolo sicurezza con indice e documenti effettivi; citazione di POS/DVR nel PSC non vale come positivo della classe.,independent_unique_real_positive_documents; independent_layout_or_template_groups; independent_hard_negative_documents; competing_classes_represented; content_only_top1_accuracy; split_group_leakage; regression_contract_pass_rate,25,document_number; issue_date; issuer_name; recipient_name; site_name; effective_date; hazard_or_activity,hse_risk.relazione_tecnica_psc; hse_risk.accettazione_psc; hse_risk.pos; hse_risk.duvri; privacy_gdpr.nomina_responsabile_trattamento
hse_risk.pss,PSS,hse_risk,SCHEMA_READY,P1,0,Fascicolo sicurezza con indice e documenti effettivi; citazione di POS/DVR nel PSC non vale come positivo della classe.,content_reviewed_unique_real_documents; normalized_text_dedupe; template_or_near_duplicate_check,25,document_number; issue_date; issuer_name; recipient_name; site_name; effective_date; hazard_or_activity,hse_risk.verbale_rls; hse_risk.verbale_riunione_periodica_sicurezza
hse_risk.registro_controlli_antincendio,registro controlli antincendio,hse_risk,SCHEMA_READY,P1,0,Fascicolo sicurezza con indice e documenti effettivi; citazione di POS/DVR nel PSC non vale come positivo della classe.,content_reviewed_unique_real_documents; normalized_text_dedupe; template_or_near_duplicate_check,25,document_number; issue_date; issuer_name; recipient_name; site_name; effective_date; hazard_or_activity,vehicles_transport.registro_carburante; privacy_gdpr.registro_trattamenti
hse_risk.relazione_tecnica_psc,relazione tecnica allegata al PSC,hse_risk,PRETESTED,P1,0,Fascicolo sicurezza con indice e documenti effettivi; citazione di POS/DVR nel PSC non vale come positivo della classe.,independent_unique_real_positive_documents; independent_layout_or_template_groups; independent_hard_negative_documents; competing_classes_represented; content_only_top1_accuracy; split_group_leakage; regression_contract_pass_rate,25,document_number; issue_date; issuer_name; recipient_name; site_name; effective_date; hazard_or_activity,hse_risk.psc; contracts_general.capitolato_tecnico_lavori
hse_risk.requisiti_sicurezza_ambiente_committente,requisiti sicurezza e ambiente del committente,hse_risk,PRETESTED,P1,0,Fascicolo sicurezza con indice e documenti effettivi; citazione di POS/DVR nel PSC non vale come positivo della classe.,independent_unique_real_positive_documents; independent_layout_or_template_groups; independent_hard_negative_documents; competing_classes_represented; content_only_top1_accuracy; split_group_leakage; regression_contract_pass_rate,25,document_number; issue_date; issuer_name; recipient_name; site_name; effective_date; hazard_or_activity,hse_risk.psc; hse_risk.duvri
hse_risk.valutazione_rischio_chimico,valutazione rischio chimico,hse_risk,SCHEMA_READY,P1,0,Fascicolo sicurezza con indice e documenti effettivi; citazione di POS/DVR nel PSC non vale come positivo della classe.,content_reviewed_unique_real_documents; normalized_text_dedupe; template_or_near_duplicate_check,25,document_number; issue_date; issuer_name; recipient_name; site_name; effective_date; hazard_or_activity,hse_risk.valutazione_vibrazioni; hse_risk.valutazione_stress_lavoro_correlato
hse_risk.valutazione_rumore,valutazione rumore,hse_risk,SCHEMA_READY,P1,0,Fascicolo sicurezza con indice e documenti effettivi; citazione di POS/DVR nel PSC non vale come positivo della classe.,content_reviewed_unique_real_documents; normalized_text_dedupe; template_or_near_duplicate_check,25,document_number; issue_date; issuer_name; recipient_name; site_name; effective_date; hazard_or_activity,hse_risk.valutazione_vibrazioni; hse_risk.valutazione_stress_lavoro_correlato
hse_risk.valutazione_stress_lavoro_correlato,valutazione stress lavoro correlato,hse_risk,SCHEMA_READY,P1,0,Fascicolo sicurezza con indice e documenti effettivi; citazione di POS/DVR nel PSC non vale come positivo della classe.,content_reviewed_unique_real_documents; normalized_text_dedupe; template_or_near_duplicate_check,25,document_number; issue_date; issuer_name; recipient_name; site_name; effective_date; hazard_or_activity,hse_risk.valutazione_vibrazioni; hse_risk.valutazione_rumore
hse_risk.valutazione_vibrazioni,valutazione vibrazioni,hse_risk,SCHEMA_READY,P1,0,Fascicolo sicurezza con indice e documenti effettivi; citazione di POS/DVR nel PSC non vale come positivo della classe.,content_reviewed_unique_real_documents; normalized_text_dedupe; template_or_near_duplicate_check,25,document_number; issue_date; issuer_name; recipient_name; site_name; effective_date; hazard_or_activity,hse_risk.valutazione_stress_lavoro_correlato; hse_risk.valutazione_rumore
hse_risk.verbale_coordinamento_sicurezza,verbale coordinamento sicurezza,hse_risk,SCHEMA_READY,P1,0,Fascicolo sicurezza con indice e documenti effettivi; citazione di POS/DVR nel PSC non vale come positivo della classe.,content_reviewed_unique_real_documents; normalized_text_dedupe; template_or_near_duplicate_check,25,document_number; issue_date; issuer_name; recipient_name; site_name; effective_date; hazard_or_activity,hse_risk.verbale_riunione_periodica_sicurezza; hse_risk.verbale_rls
hse_risk.verbale_riunione_periodica_sicurezza,verbale riunione periodica sicurezza,hse_risk,SCHEMA_READY,P1,0,Fascicolo sicurezza con indice e documenti effettivi; citazione di POS/DVR nel PSC non vale come positivo della classe.,content_reviewed_unique_real_documents; normalized_text_dedupe; template_or_near_duplicate_check,25,document_number; issue_date; issuer_name; recipient_name; site_name; effective_date; hazard_or_activity,hse_risk.verbale_coordinamento_sicurezza; hse_risk.verbale_rls
hse_risk.verbale_rls,verbale RLS,hse_risk,SCHEMA_READY,P1,0,Fascicolo sicurezza con indice e documenti effettivi; citazione di POS/DVR nel PSC non vale come positivo della classe.,content_reviewed_unique_real_documents; normalized_text_dedupe; template_or_near_duplicate_check,25,document_number; issue_date; issuer_name; recipient_name; site_name; effective_date; hazard_or_activity,hse_risk.verbale_riunione_periodica_sicurezza; hse_risk.verbale_coordinamento_sicurezza
hse_training.attestato_antincendio,attestato antincendio,hse_training,SCHEMA_READY,P2,0,"Attestati propri autorizzati con ID e verifica emittente; QR conferma record, non tutte le competenze né validità automatica.",content_reviewed_unique_real_documents; normalized_text_dedupe; template_or_near_duplicate_check,25,document_number; issue_date; issuer_name; recipient_name,hse_training.nomina_addetto_antincendio; hse_training.attestato_spazi_confinati
hse_training.attestato_dpi_terza_categoria,attestato DPI terza categoria,hse_training,SCHEMA_READY,P2,0,"Attestati propri autorizzati con ID e verifica emittente; QR conferma record, non tutte le competenze né validità automatica.",content_reviewed_unique_real_documents; normalized_text_dedupe; template_or_near_duplicate_check,25,document_number; issue_date; issuer_name; recipient_name,hse_training.attestato_spazi_confinati; hse_training.attestato_rls
hse_training.attestato_formazione_generale,attestato formazione generale,hse_training,SCHEMA_READY,P2,0,"Attestati propri autorizzati con ID e verifica emittente; QR conferma record, non tutte le competenze né validità automatica.",content_reviewed_unique_real_documents; normalized_text_dedupe; template_or_near_duplicate_check,25,document_number; issue_date; issuer_name; recipient_name,hse_training.attestato_formazione_specifica; hse_training.registro_formazione
hse_training.attestato_formazione_specifica,attestato formazione specifica,hse_training,SCHEMA_READY,P2,0,"Attestati propri autorizzati con ID e verifica emittente; QR conferma record, non tutte le competenze né validità automatica.",content_reviewed_unique_real_documents; normalized_text_dedupe; template_or_near_duplicate_check,25,document_number; issue_date; issuer_name; recipient_name,hse_training.attestato_formazione_generale; hse_training.registro_formazione
hse_training.attestato_lavori_in_quota,attestato lavori in quota,hse_training,SCHEMA_READY,P2,0,"Attestati propri autorizzati con ID e verifica emittente; QR conferma record, non tutte le competenze né validità automatica.",content_reviewed_unique_real_documents; normalized_text_dedupe; template_or_near_duplicate_check,25,document_number; issue_date; issuer_name; recipient_name,hse_training.attestato_spazi_confinati; hse_training.attestato_rls
hse_training.attestato_preposto,attestato preposto,hse_training,SCHEMA_READY,P2,0,"Attestati propri autorizzati con ID e verifica emittente; QR conferma record, non tutte le competenze né validità automatica.",content_reviewed_unique_real_documents; normalized_text_dedupe; template_or_near_duplicate_check,25,document_number; issue_date; issuer_name; recipient_name,hse_training.attestato_spazi_confinati; hse_training.attestato_rls
hse_training.attestato_primo_soccorso,attestato primo soccorso,hse_training,SCHEMA_READY,P2,0,"Attestati propri autorizzati con ID e verifica emittente; QR conferma record, non tutte le competenze né validità automatica.",content_reviewed_unique_real_documents; normalized_text_dedupe; template_or_near_duplicate_check,25,document_number; issue_date; issuer_name; recipient_name,hse_training.attestato_spazi_confinati; hse_training.attestato_rls
hse_training.attestato_rls,attestato RLS,hse_training,SCHEMA_READY,P2,0,"Attestati propri autorizzati con ID e verifica emittente; QR conferma record, non tutte le competenze né validità automatica.",content_reviewed_unique_real_documents; normalized_text_dedupe; template_or_near_duplicate_check,25,document_number; issue_date; issuer_name; recipient_name,hse_training.attestato_spazi_confinati; hse_training.attestato_primo_soccorso
hse_training.attestato_spazi_confinati,attestato spazi confinati,hse_training,SCHEMA_READY,P2,0,"Attestati propri autorizzati con ID e verifica emittente; QR conferma record, non tutte le competenze né validità automatica.",content_reviewed_unique_real_documents; normalized_text_dedupe; template_or_near_duplicate_check,25,document_number; issue_date; issuer_name; recipient_name,hse_training.attestato_rls; hse_training.attestato_primo_soccorso
hse_training.nomina_addetto_antincendio,nomina addetto antincendio,hse_training,SCHEMA_READY,P2,0,"Attestati propri autorizzati con ID e verifica emittente; QR conferma record, non tutte le competenze né validità automatica.",content_reviewed_unique_real_documents; normalized_text_dedupe; template_or_near_duplicate_check,25,document_number; issue_date; issuer_name; recipient_name,hse_training.attestato_antincendio; privacy_gdpr.nomina_responsabile_trattamento
hse_training.registro_formazione,registro formazione,hse_training,SCHEMA_READY,P2,0,"Attestati propri autorizzati con ID e verifica emittente; QR conferma record, non tutte le competenze né validità automatica.",content_reviewed_unique_real_documents; normalized_text_dedupe; template_or_near_duplicate_check,25,document_number; issue_date; issuer_name; recipient_name,hse_training.attestato_formazione_specifica; hse_training.attestato_formazione_generale
identity_personal.carta_identita,carta di identità,identity_personal,SCHEMA_READY,P2,0,Specimen ufficiali solo sviluppo; documenti reali minimizzati con accesso autorizzato per test di classe.,content_reviewed_unique_real_documents; normalized_text_dedupe; template_or_near_duplicate_check,25,document_number; issue_date; issuer_name; recipient_name,vehicles_transport.carta_circolazione; insurance.carta_verde
identity_personal.certificato_nascita,certificato nascita,identity_personal,SCHEMA_READY,P2,1,Specimen ufficiali solo sviluppo; documenti reali minimizzati con accesso autorizzato per test di classe.,content_reviewed_unique_real_documents; normalized_text_dedupe; template_or_near_duplicate_check,25,document_number; issue_date; issuer_name; recipient_name,identity_personal.certificato_residenza; vehicles_transport.certificato_proprieta_veicolo
identity_personal.certificato_residenza,certificato residenza,identity_personal,SCHEMA_READY,P2,1,Specimen ufficiali solo sviluppo; documenti reali minimizzati con accesso autorizzato per test di classe.,content_reviewed_unique_real_documents; normalized_text_dedupe; template_or_near_duplicate_check,25,document_number; issue_date; issuer_name; recipient_name,identity_personal.certificato_nascita; vehicles_transport.certificato_proprieta_veicolo
identity_personal.codice_fiscale,codice fiscale,identity_personal,SCHEMA_READY,P2,0,Specimen ufficiali solo sviluppo; documenti reali minimizzati con accesso autorizzato per test di classe.,content_reviewed_unique_real_documents; normalized_text_dedupe; template_or_near_duplicate_check,25,document_number; issue_date; issuer_name; recipient_name,governance_compliance.codice_etico; fiscal_tax.certificato_regolarita_fiscale
identity_personal.passaporto,passaporto,identity_personal,SCHEMA_READY,P2,0,Specimen ufficiali solo sviluppo; documenti reali minimizzati con accesso autorizzato per test di classe.,content_reviewed_unique_real_documents; normalized_text_dedupe; template_or_near_duplicate_check,25,document_number; issue_date; issuer_name; recipient_name,identity_personal.stato_di_famiglia; identity_personal.permesso_di_soggiorno
identity_personal.patente_di_guida,patente di guida,identity_personal,SCHEMA_READY,P2,0,Specimen ufficiali solo sviluppo; documenti reali minimizzati con accesso autorizzato per test di classe.,content_reviewed_unique_real_documents; normalized_text_dedupe; template_or_near_duplicate_check,25,document_number; issue_date; issuer_name; recipient_name,certifications_licenses.ricevuta_rilascio_patente_crediti; certifications_licenses.patente_a_crediti
identity_personal.permesso_di_soggiorno,permesso di soggiorno,identity_personal,SCHEMA_READY,P2,0,Specimen ufficiali solo sviluppo; documenti reali minimizzati con accesso autorizzato per test di classe.,content_reviewed_unique_real_documents; normalized_text_dedupe; template_or_near_duplicate_check,25,document_number; issue_date; issuer_name; recipient_name,hse_risk.permesso_di_lavoro; hr_personnel.richiesta_permesso
identity_personal.stato_di_famiglia,stato di famiglia,identity_personal,SCHEMA_READY,P2,1,Specimen ufficiali solo sviluppo; documenti reali minimizzati con accesso autorizzato per test di classe.,content_reviewed_unique_real_documents; normalized_text_dedupe; template_or_near_duplicate_check,25,document_number; issue_date; issuer_name; recipient_name,identity_personal.permesso_di_soggiorno; identity_personal.patente_di_guida
insurance.apertura_sinistro,comunicazione apertura sinistro,insurance,SCHEMA_READY,P2,0,"Pacchetto contratto emesso, scheda, appendici e quietanze; condizioni generali pubbliche non sostituiscono polizze individuali.",content_reviewed_unique_real_documents; normalized_text_dedupe; template_or_near_duplicate_check,25,document_number; issue_date; issuer_name; recipient_name; policy_number; coverage_start; coverage_end; premium_amount,insurance.liquidazione_sinistro; insurance.denuncia_sinistro
insurance.appendice_polizza,appendice polizza,insurance,SCHEMA_READY,P2,0,"Pacchetto contratto emesso, scheda, appendici e quietanze; condizioni generali pubbliche non sostituiscono polizze individuali.",content_reviewed_unique_real_documents; normalized_text_dedupe; template_or_near_duplicate_check,25,document_number; issue_date; issuer_name; recipient_name; policy_number; coverage_start; coverage_end; premium_amount,insurance.scheda_polizza; insurance.preventivo_polizza
insurance.attestato_rischio,attestato di rischio,insurance,SCHEMA_READY,P2,0,"Pacchetto contratto emesso, scheda, appendici e quietanze; condizioni generali pubbliche non sostituiscono polizze individuali.",content_reviewed_unique_real_documents; normalized_text_dedupe; template_or_near_duplicate_check,25,document_number; issue_date; issuer_name; recipient_name; policy_number; coverage_start; coverage_end; premium_amount,hse_training.attestato_spazi_confinati; hse_training.attestato_rls
insurance.carta_verde,carta verde assicurativa,insurance,SCHEMA_READY,P2,0,"Pacchetto contratto emesso, scheda, appendici e quietanze; condizioni generali pubbliche non sostituiscono polizze individuali.",content_reviewed_unique_real_documents; normalized_text_dedupe; template_or_near_duplicate_check,25,document_number; issue_date; issuer_name; recipient_name; policy_number; coverage_start; coverage_end; premium_amount,vehicles_transport.polizza_rca; insurance.certificato_assicurativo
insurance.certificato_assicurativo,certificato assicurativo,insurance,SCHEMA_READY,P2,0,"Pacchetto contratto emesso, scheda, appendici e quietanze; condizioni generali pubbliche non sostituiscono polizze individuali.",content_reviewed_unique_real_documents; normalized_text_dedupe; template_or_near_duplicate_check,25,document_number; issue_date; issuer_name; recipient_name; policy_number; coverage_start; coverage_end; premium_amount,insurance.scheda_polizza; insurance.quietanza_premio_assicurativo
insurance.condizioni_assicurazione,condizioni di assicurazione,insurance,PRETESTED,P1,1,"Pacchetto contratto emesso, scheda, appendici e quietanze; condizioni generali pubbliche non sostituiscono polizze individuali.",independent_unique_real_positive_documents; independent_layout_or_template_groups; independent_hard_negative_documents; competing_classes_represented; content_only_top1_accuracy; split_group_leakage; regression_contract_pass_rate,25,document_number; issue_date; issuer_name; recipient_name; policy_number; coverage_start; coverage_end; premium_amount,insurance.scheda_polizza; insurance.fascicolo_informativo_polizza
insurance.denuncia_sinistro,denuncia di sinistro,insurance,SCHEMA_READY,P2,0,"Pacchetto contratto emesso, scheda, appendici e quietanze; condizioni generali pubbliche non sostituiscono polizze individuali.",content_reviewed_unique_real_documents; normalized_text_dedupe; template_or_near_duplicate_check,25,document_number; issue_date; issuer_name; recipient_name; policy_number; coverage_start; coverage_end; premium_amount,insurance.liquidazione_sinistro; insurance.apertura_sinistro
insurance.fascicolo_informativo_polizza,fascicolo informativo polizza,insurance,PRETESTED,P1,1,"Pacchetto contratto emesso, scheda, appendici e quietanze; condizioni generali pubbliche non sostituiscono polizze individuali.",independent_unique_real_positive_documents; independent_layout_or_template_groups; independent_hard_negative_documents; competing_classes_represented; content_only_top1_accuracy; split_group_leakage; regression_contract_pass_rate,25,document_number; issue_date; issuer_name; recipient_name; policy_number; coverage_start; coverage_end; premium_amount,insurance.scheda_polizza; insurance.preventivo_polizza
insurance.liquidazione_sinistro,prospetto liquidazione sinistro,insurance,SCHEMA_READY,P2,0,"Pacchetto contratto emesso, scheda, appendici e quietanze; condizioni generali pubbliche non sostituiscono polizze individuali.",content_reviewed_unique_real_documents; normalized_text_dedupe; template_or_near_duplicate_check,25,document_number; issue_date; issuer_name; recipient_name; policy_number; coverage_start; coverage_end; premium_amount,insurance.denuncia_sinistro; insurance.apertura_sinistro
insurance.perizia_assicurativa,perizia assicurativa,insurance,SCHEMA_READY,P2,0,"Pacchetto contratto emesso, scheda, appendici e quietanze; condizioni generali pubbliche non sostituiscono polizze individuali.",content_reviewed_unique_real_documents; normalized_text_dedupe; template_or_near_duplicate_check,25,document_number; issue_date; issuer_name; recipient_name; policy_number; coverage_start; coverage_end; premium_amount,insurance.carta_verde; insurance.scheda_polizza
insurance.polizza_automezzi,polizza automezzi,insurance,SCHEMA_READY,P2,0,"Pacchetto contratto emesso, scheda, appendici e quietanze; condizioni generali pubbliche non sostituiscono polizze individuali.",content_reviewed_unique_real_documents; normalized_text_dedupe; template_or_near_duplicate_check,25,document_number; issue_date; issuer_name; recipient_name; policy_number; coverage_start; coverage_end; premium_amount,insurance.scheda_polizza; insurance.preventivo_polizza
insurance.polizza_car,polizza CAR,insurance,SCHEMA_READY,P2,0,"Pacchetto contratto emesso, scheda, appendici e quietanze; condizioni generali pubbliche non sostituiscono polizze individuali.",content_reviewed_unique_real_documents; normalized_text_dedupe; template_or_near_duplicate_check,25,document_number; issue_date; issuer_name; recipient_name; policy_number; coverage_start; coverage_end; premium_amount,insurance.scheda_polizza; insurance.preventivo_polizza
insurance.polizza_fideiussoria,polizza fideiussoria,insurance,SCHEMA_READY,P2,0,"Pacchetto contratto emesso, scheda, appendici e quietanze; condizioni generali pubbliche non sostituiscono polizze individuali.",content_reviewed_unique_real_documents; normalized_text_dedupe; template_or_near_duplicate_check,25,document_number; issue_date; issuer_name; recipient_name; policy_number; coverage_start; coverage_end; premium_amount,insurance.scheda_polizza; insurance.preventivo_polizza
insurance.polizza_incendio,polizza incendio,insurance,SCHEMA_READY,P2,0,"Pacchetto contratto emesso, scheda, appendici e quietanze; condizioni generali pubbliche non sostituiscono polizze individuali.",content_reviewed_unique_real_documents; normalized_text_dedupe; template_or_near_duplicate_check,25,document_number; issue_date; issuer_name; recipient_name; policy_number; coverage_start; coverage_end; premium_amount,insurance.scheda_polizza; insurance.preventivo_polizza
insurance.polizza_rc_professionale,polizza RC professionale,insurance,SCHEMA_READY,P2,0,"Pacchetto contratto emesso, scheda, appendici e quietanze; condizioni generali pubbliche non sostituiscono polizze individuali.",content_reviewed_unique_real_documents; normalized_text_dedupe; template_or_near_duplicate_check,25,document_number; issue_date; issuer_name; recipient_name; policy_number; coverage_start; coverage_end; premium_amount,insurance.scheda_polizza; insurance.preventivo_polizza
insurance.polizza_rct_rco,polizza RCT RCO,insurance,SCHEMA_READY,P2,0,"Pacchetto contratto emesso, scheda, appendici e quietanze; condizioni generali pubbliche non sostituiscono polizze individuali.",content_reviewed_unique_real_documents; normalized_text_dedupe; template_or_near_duplicate_check,25,document_number; issue_date; issuer_name; recipient_name; policy_number; coverage_start; coverage_end; premium_amount,insurance.scheda_polizza; insurance.preventivo_polizza
insurance.preventivo_polizza,preventivo polizza,insurance,PRETESTED,P1,0,"Pacchetto contratto emesso, scheda, appendici e quietanze; condizioni generali pubbliche non sostituiscono polizze individuali.",independent_unique_real_positive_documents; independent_layout_or_template_groups; independent_hard_negative_documents; competing_classes_represented; content_only_top1_accuracy; split_group_leakage; regression_contract_pass_rate,25,document_number; issue_date; issuer_name; recipient_name; policy_number; coverage_start; coverage_end; premium_amount,procurement.preventivo; insurance.scheda_polizza
insurance.quietanza_premio_assicurativo,quietanza premio assicurativo,insurance,SCHEMA_READY,P2,0,"Pacchetto contratto emesso, scheda, appendici e quietanze; condizioni generali pubbliche non sostituiscono polizze individuali.",content_reviewed_unique_real_documents; normalized_text_dedupe; template_or_near_duplicate_check,25,document_number; issue_date; issuer_name; recipient_name; policy_number; coverage_start; coverage_end; premium_amount,insurance.certificato_assicurativo; fiscal_tax.quietanza_versamento
insurance.scheda_polizza,scheda di polizza,insurance,PRETESTED,P1,0,"Pacchetto contratto emesso, scheda, appendici e quietanze; condizioni generali pubbliche non sostituiscono polizze individuali.",independent_unique_real_positive_documents; independent_layout_or_template_groups; independent_hard_negative_documents; competing_classes_represented; content_only_top1_accuracy; split_group_leakage; regression_contract_pass_rate,25,document_number; issue_date; issuer_name; recipient_name; policy_number; coverage_start; coverage_end; premium_amount,insurance.preventivo_polizza; insurance.polizza_rct_rco
it_security.backup_report,backup report,it_security,SCHEMA_READY,P2,0,"Report autorizzati e minimizzati; asset, vulnerabilità e incidenti non vanno ricavati da documenti apparentemente esposti.",content_reviewed_unique_real_documents; normalized_text_dedupe; template_or_near_duplicate_check,25,document_number; issue_date; issuer_name; recipient_name; system_or_service; severity; recovery_target,it_security.report_incidente_cyber; privacy_gdpr.data_breach_report
it_security.business_continuity_plan,business continuity plan,it_security,SCHEMA_READY,P2,1,"Report autorizzati e minimizzati; asset, vulnerabilità e incidenti non vanno ricavati da documenti apparentemente esposti.",content_reviewed_unique_real_documents; normalized_text_dedupe; template_or_near_duplicate_check,25,document_number; issue_date; issuer_name; recipient_name; system_or_service; severity; recovery_target,it_security.test_business_continuity; it_security.report_incidente_cyber
it_security.nomina_amministratore_sistema,nomina amministratore sistema,it_security,SCHEMA_READY,P2,0,"Report autorizzati e minimizzati; asset, vulnerabilità e incidenti non vanno ricavati da documenti apparentemente esposti.",content_reviewed_unique_real_documents; normalized_text_dedupe; template_or_near_duplicate_check,25,document_number; issue_date; issuer_name; recipient_name; system_or_service; severity; recovery_target,privacy_gdpr.nomina_responsabile_trattamento; privacy_gdpr.nomina_dpo
it_security.piano_disaster_recovery,piano disaster recovery,it_security,SCHEMA_READY,P2,0,"Report autorizzati e minimizzati; asset, vulnerabilità e incidenti non vanno ricavati da documenti apparentemente esposti.",content_reviewed_unique_real_documents; normalized_text_dedupe; template_or_near_duplicate_check,25,document_number; issue_date; issuer_name; recipient_name; system_or_service; severity; recovery_target,it_security.business_continuity_plan; it_security.backup_report
it_security.piano_risposta_incidenti,piano risposta agli incidenti,it_security,SCHEMA_READY,P2,0,"Report autorizzati e minimizzati; asset, vulnerabilità e incidenti non vanno ricavati da documenti apparentemente esposti.",content_reviewed_unique_real_documents; normalized_text_dedupe; template_or_near_duplicate_check,25,document_number; issue_date; issuer_name; recipient_name; system_or_service; severity; recovery_target,it_security.registro_incidenti_cyber; it_security.piano_disaster_recovery
it_security.policy_sicurezza_it,policy sicurezza IT,it_security,SCHEMA_READY,P2,0,"Report autorizzati e minimizzati; asset, vulnerabilità e incidenti non vanno ricavati da documenti apparentemente esposti.",content_reviewed_unique_real_documents; normalized_text_dedupe; template_or_near_duplicate_check,25,document_number; issue_date; issuer_name; recipient_name; system_or_service; severity; recovery_target,hse_risk.verbale_riunione_periodica_sicurezza; hse_risk.verbale_coordinamento_sicurezza
it_security.rapporto_penetration_test,rapporto penetration test,it_security,SCHEMA_READY,P2,0,"Report autorizzati e minimizzati; asset, vulnerabilità e incidenti non vanno ricavati da documenti apparentemente esposti.",content_reviewed_unique_real_documents; normalized_text_dedupe; template_or_near_duplicate_check,25,document_number; issue_date; issuer_name; recipient_name; system_or_service; severity; recovery_target,it_security.test_business_continuity; it_security.rapporto_vulnerability_assessment
it_security.rapporto_vulnerability_assessment,rapporto vulnerability assessment,it_security,SCHEMA_READY,P2,0,"Report autorizzati e minimizzati; asset, vulnerabilità e incidenti non vanno ricavati da documenti apparentemente esposti.",content_reviewed_unique_real_documents; normalized_text_dedupe; template_or_near_duplicate_check,25,document_number; issue_date; issuer_name; recipient_name; system_or_service; severity; recovery_target,it_security.test_business_continuity; it_security.rapporto_penetration_test
it_security.registro_asset_it,registro asset IT,it_security,SCHEMA_READY,P2,0,"Report autorizzati e minimizzati; asset, vulnerabilità e incidenti non vanno ricavati da documenti apparentemente esposti.",content_reviewed_unique_real_documents; normalized_text_dedupe; template_or_near_duplicate_check,25,document_number; issue_date; issuer_name; recipient_name; system_or_service; severity; recovery_target,it_security.registro_incidenti_cyber; vehicles_transport.registro_carburante
it_security.registro_incidenti_cyber,registro incidenti cyber,it_security,SCHEMA_READY,P2,0,"Report autorizzati e minimizzati; asset, vulnerabilità e incidenti non vanno ricavati da documenti apparentemente esposti.",content_reviewed_unique_real_documents; normalized_text_dedupe; template_or_near_duplicate_check,25,document_number; issue_date; issuer_name; recipient_name; system_or_service; severity; recovery_target,it_security.report_incidente_cyber; it_security.registro_asset_it
it_security.report_incidente_cyber,report incidente cyber,it_security,SCHEMA_READY,P2,0,"Report autorizzati e minimizzati; asset, vulnerabilità e incidenti non vanno ricavati da documenti apparentemente esposti.",content_reviewed_unique_real_documents; normalized_text_dedupe; template_or_near_duplicate_check,25,document_number; issue_date; issuer_name; recipient_name; system_or_service; severity; recovery_target,privacy_gdpr.data_breach_report; it_security.registro_incidenti_cyber
it_security.test_business_continuity,rapporto test continuità operativa,it_security,SCHEMA_READY,P2,0,"Report autorizzati e minimizzati; asset, vulnerabilità e incidenti non vanno ricavati da documenti apparentemente esposti.",content_reviewed_unique_real_documents; normalized_text_dedupe; template_or_near_duplicate_check,25,document_number; issue_date; issuer_name; recipient_name; system_or_service; severity; recovery_target,it_security.rapporto_penetration_test; it_security.rapporto_vulnerability_assessment
legal_corporate.accordo_riservatezza,accordo riservatezza,legal_corporate,SCHEMA_READY,P2,2,"Repertorio e contratti autorizzati; dataset inglesi per capacità/clausole, revisione semantica italiana resta necessaria.",content_reviewed_unique_real_documents; normalized_text_dedupe; template_or_near_duplicate_check,25,document_number; issue_date; issuer_name; recipient_name,privacy_gdpr.accordo_contitolarita; legal_disputes.accordo_transattivo
legal_corporate.cessione_contratto,cessione contratto,legal_corporate,SCHEMA_READY,P2,0,"Repertorio e contratti autorizzati; dataset inglesi per capacità/clausole, revisione semantica italiana resta necessaria.",content_reviewed_unique_real_documents; normalized_text_dedupe; template_or_near_duplicate_check,25,document_number; issue_date; issuer_name; recipient_name,legal_corporate.cessione_credito; sales_customers.contratto_vendita
legal_corporate.cessione_credito,cessione credito,legal_corporate,SCHEMA_READY,P2,0,"Repertorio e contratti autorizzati; dataset inglesi per capacità/clausole, revisione semantica italiana resta necessaria.",content_reviewed_unique_real_documents; normalized_text_dedupe; template_or_near_duplicate_check,25,document_number; issue_date; issuer_name; recipient_name,legal_corporate.cessione_contratto; banking.documento_sintesi_linea_credito
legal_corporate.lettera_intenti,lettera intenti,legal_corporate,SCHEMA_READY,P2,0,"Repertorio e contratti autorizzati; dataset inglesi per capacità/clausole, revisione semantica italiana resta necessaria.",content_reviewed_unique_real_documents; normalized_text_dedupe; template_or_near_duplicate_check,25,document_number; issue_date; issuer_name; recipient_name,vehicles_transport.lettera_vettura_cmr; public_procurement.lettera_invito
legal_corporate.memorandum_intesa,memorandum intesa,legal_corporate,SCHEMA_READY,P2,0,"Repertorio e contratti autorizzati; dataset inglesi per capacità/clausole, revisione semantica italiana resta necessaria.",content_reviewed_unique_real_documents; normalized_text_dedupe; template_or_near_duplicate_check,25,document_number; issue_date; issuer_name; recipient_name,legal_corporate.riconoscimento_debito; legal_corporate.patto_parasociale
legal_corporate.patto_parasociale,patto parasociale,legal_corporate,SCHEMA_READY,P2,0,"Repertorio e contratti autorizzati; dataset inglesi per capacità/clausole, revisione semantica italiana resta necessaria.",content_reviewed_unique_real_documents; normalized_text_dedupe; template_or_near_duplicate_check,25,document_number; issue_date; issuer_name; recipient_name,hr_employment.patto_non_concorrenza; legal_corporate.riconoscimento_debito
legal_corporate.riconoscimento_debito,riconoscimento debito,legal_corporate,SCHEMA_READY,P2,0,"Repertorio e contratti autorizzati; dataset inglesi per capacità/clausole, revisione semantica italiana resta necessaria.",content_reviewed_unique_real_documents; normalized_text_dedupe; template_or_near_duplicate_check,25,document_number; issue_date; issuer_name; recipient_name,accounting.nota_di_debito; legal_corporate.patto_parasociale
legal_disputes.accordo_transattivo,accordo transattivo,legal_disputes,SCHEMA_READY,P2,0,"Fascicolo autorizzato con tipo atto, deposito e versione; sentenza che cita un atto non è esempio di quell’atto.",content_reviewed_unique_real_documents; normalized_text_dedupe; template_or_near_duplicate_check,25,document_number; issue_date; issuer_name; recipient_name,privacy_gdpr.accordo_contitolarita; legal_corporate.accordo_riservatezza
legal_disputes.atto_citazione,atto citazione,legal_disputes,SCHEMA_READY,P2,0,"Fascicolo autorizzato con tipo atto, deposito e versione; sentenza che cita un atto non è esempio di quell’atto.",content_reviewed_unique_real_documents; normalized_text_dedupe; template_or_near_duplicate_check,25,document_number; issue_date; issuer_name; recipient_name,public_contracts.atto_sottomissione; corporate_registry.atto_costitutivo
legal_disputes.decreto_ingiuntivo,decreto ingiuntivo,legal_disputes,SCHEMA_READY,P2,0,"Fascicolo autorizzato con tipo atto, deposito e versione; sentenza che cita un atto non è esempio di quell’atto.",content_reviewed_unique_real_documents; normalized_text_dedupe; template_or_near_duplicate_check,25,document_number; issue_date; issuer_name; recipient_name,grants_incentives.decreto_concessione_contributo; legal_disputes.verbale_conciliazione
legal_disputes.diffida,diffida,legal_disputes,SCHEMA_READY,P2,0,"Fascicolo autorizzato con tipo atto, deposito e versione; sentenza che cita un atto non è esempio di quell’atto.",content_reviewed_unique_real_documents; normalized_text_dedupe; template_or_near_duplicate_check,25,document_number; issue_date; issuer_name; recipient_name,legal_disputes.verbale_conciliazione; legal_disputes.ricorso
legal_disputes.messa_in_mora,messa in mora,legal_disputes,SCHEMA_READY,P2,0,"Fascicolo autorizzato con tipo atto, deposito e versione; sentenza che cita un atto non è esempio di quell’atto.",content_reviewed_unique_real_documents; normalized_text_dedupe; template_or_near_duplicate_check,25,document_number; issue_date; issuer_name; recipient_name,assets_maintenance.verbale_messa_in_servizio; legal_disputes.verbale_conciliazione
legal_disputes.precetto,precetto,legal_disputes,SCHEMA_READY,P2,0,"Fascicolo autorizzato con tipo atto, deposito e versione; sentenza che cita un atto non è esempio di quell’atto.",content_reviewed_unique_real_documents; normalized_text_dedupe; template_or_near_duplicate_check,25,document_number; issue_date; issuer_name; recipient_name,legal_disputes.verbale_conciliazione; legal_disputes.ricorso
legal_disputes.procura_alle_liti,procura alle liti,legal_disputes,SCHEMA_READY,P2,0,"Fascicolo autorizzato con tipo atto, deposito e versione; sentenza che cita un atto non è esempio di quell’atto.",content_reviewed_unique_real_documents; normalized_text_dedupe; template_or_near_duplicate_check,25,document_number; issue_date; issuer_name; recipient_name,corporate_registry.procura_speciale; corporate_registry.procura_generale
legal_disputes.ricorso,ricorso,legal_disputes,SCHEMA_READY,P2,0,"Fascicolo autorizzato con tipo atto, deposito e versione; sentenza che cita un atto non è esempio di quell’atto.",content_reviewed_unique_real_documents; normalized_text_dedupe; template_or_near_duplicate_check,25,document_number; issue_date; issuer_name; recipient_name,legal_disputes.verbale_conciliazione; legal_disputes.procura_alle_liti
legal_disputes.verbale_conciliazione,verbale conciliazione,legal_disputes,SCHEMA_READY,P2,0,"Fascicolo autorizzato con tipo atto, deposito e versione; sentenza che cita un atto non è esempio di quell’atto.",content_reviewed_unique_real_documents; normalized_text_dedupe; template_or_near_duplicate_check,25,document_number; issue_date; issuer_name; recipient_name,vehicles_transport.verbale_consegna_veicolo; sales_customers.verbale_accettazione_cliente
logistics_warehouse.conferma_spedizione,conferma di spedizione,logistics_warehouse,SCHEMA_READY,P2,0,"Documento emesso + WMS/TMS snapshot e evento; distinguere istruzione, conferma e prova consegna.",content_reviewed_unique_real_documents; normalized_text_dedupe; template_or_near_duplicate_check,25,document_number; issue_date; issuer_name; recipient_name; shipment_date; goods_description; package_count,logistics_warehouse.ordine_spedizione; sales_customers.conferma_ordine_cliente
logistics_warehouse.inventario_magazzino,inventario di magazzino,logistics_warehouse,SCHEMA_READY,P2,0,"Documento emesso + WMS/TMS snapshot e evento; distinguere istruzione, conferma e prova consegna.",content_reviewed_unique_real_documents; normalized_text_dedupe; template_or_near_duplicate_check,25,document_number; issue_date; issuer_name; recipient_name; shipment_date; goods_description; package_count,logistics_warehouse.scheda_articolo; logistics_warehouse.movimento_magazzino
logistics_warehouse.lettera_vettura_aerea_awb,lettera di vettura aerea AWB,logistics_warehouse,SCHEMA_READY,P2,0,"Documento emesso + WMS/TMS snapshot e evento; distinguere istruzione, conferma e prova consegna.",content_reviewed_unique_real_documents; normalized_text_dedupe; template_or_near_duplicate_check,25,document_number; issue_date; issuer_name; recipient_name; shipment_date; goods_description; package_count,vehicles_transport.lettera_vettura_cmr; public_procurement.lettera_invito
logistics_warehouse.movimento_magazzino,movimento di magazzino,logistics_warehouse,SCHEMA_READY,P2,0,"Documento emesso + WMS/TMS snapshot e evento; distinguere istruzione, conferma e prova consegna.",content_reviewed_unique_real_documents; normalized_text_dedupe; template_or_near_duplicate_check,25,document_number; issue_date; issuer_name; recipient_name; shipment_date; goods_description; package_count,logistics_warehouse.scheda_articolo; logistics_warehouse.inventario_magazzino
logistics_warehouse.ordine_spedizione,ordine di spedizione,logistics_warehouse,SCHEMA_READY,P2,0,"Documento emesso + WMS/TMS snapshot e evento; distinguere istruzione, conferma e prova consegna.",content_reviewed_unique_real_documents; normalized_text_dedupe; template_or_near_duplicate_check,25,document_number; issue_date; issuer_name; recipient_name; shipment_date; goods_description; package_count,logistics_warehouse.conferma_spedizione; sales_customers.ordine_cliente
logistics_warehouse.packing_list,packing list,logistics_warehouse,SCHEMA_READY,P2,0,"Documento emesso + WMS/TMS snapshot e evento; distinguere istruzione, conferma e prova consegna.",content_reviewed_unique_real_documents; normalized_text_dedupe; template_or_near_duplicate_check,25,document_number; issue_date; issuer_name; recipient_name; shipment_date; goods_description; package_count,procurement.ddt; logistics_warehouse.conferma_spedizione
logistics_warehouse.polizza_carico_bill_of_lading,polizza di carico Bill of Lading,logistics_warehouse,SCHEMA_READY,P2,1,"Documento emesso + WMS/TMS snapshot e evento; distinguere istruzione, conferma e prova consegna.",content_reviewed_unique_real_documents; normalized_text_dedupe; template_or_near_duplicate_check,25,document_number; issue_date; issuer_name; recipient_name; shipment_date; goods_description; package_count,vehicles_transport.polizza_rca; insurance.scheda_polizza
logistics_warehouse.prova_consegna_pod,prova di consegna POD,logistics_warehouse,SCHEMA_READY,P2,0,"Documento emesso + WMS/TMS snapshot e evento; distinguere istruzione, conferma e prova consegna.",content_reviewed_unique_real_documents; normalized_text_dedupe; template_or_near_duplicate_check,25,document_number; issue_date; issuer_name; recipient_name; shipment_date; goods_description; package_count,procurement.ddt; procurement.verbale_consegna
logistics_warehouse.scheda_articolo,scheda articolo di magazzino,logistics_warehouse,SCHEMA_READY,P2,0,"Documento emesso + WMS/TMS snapshot e evento; distinguere istruzione, conferma e prova consegna.",content_reviewed_unique_real_documents; normalized_text_dedupe; template_or_near_duplicate_check,25,document_number; issue_date; issuer_name; recipient_name; shipment_date; goods_description; package_count,logistics_warehouse.movimento_magazzino; logistics_warehouse.inventario_magazzino
logistics_warehouse.verbale_conta_inventariale,verbale conta inventariale,logistics_warehouse,SCHEMA_READY,P2,0,"Documento emesso + WMS/TMS snapshot e evento; distinguere istruzione, conferma e prova consegna.",content_reviewed_unique_real_documents; normalized_text_dedupe; template_or_near_duplicate_check,25,document_number; issue_date; issuer_name; recipient_name; shipment_date; goods_description; package_count,vehicles_transport.verbale_consegna_veicolo; sales_customers.verbale_accettazione_cliente
master_data.dati_fatturazione,dati di fatturazione,master_data,PRETESTED,P1,0,Scheda anagrafica esportata con validità temporale; non sostituire retroattivamente i dati storici dei documenti.,independent_unique_real_positive_documents; independent_layout_or_template_groups; independent_hard_negative_documents; competing_classes_represented; content_only_top1_accuracy; split_group_leakage; regression_contract_pass_rate,25,document_number; issue_date; issuer_name; recipient_name,accounting.fattura; procurement.anagrafica_fornitore
payments_treasury.avviso_pagamento,avviso pagamento,payments_treasury,SCHEMA_READY,P2,1,"Export ordine, esito e riconciliazione come stati distinti; prova pagamento richiede riferimento di esecuzione.",content_reviewed_unique_real_documents; normalized_text_dedupe; template_or_near_duplicate_check,25,document_number; issue_date; issuer_name; recipient_name; payment_date; amount; payment_reference,fiscal_tax.avviso_pagamento_tributi_locali; payments_treasury.riconciliazione_pagamento
payments_treasury.distinta_bonifici,distinta bonifici,payments_treasury,SCHEMA_READY,P2,1,"Export ordine, esito e riconciliazione come stati distinti; prova pagamento richiede riferimento di esecuzione.",content_reviewed_unique_real_documents; normalized_text_dedupe; template_or_near_duplicate_check,25,document_number; issue_date; issuer_name; recipient_name; payment_date; amount; payment_reference,payments_treasury.distinta_incasso_riba; payroll_contributions.distinta_stipendi; banking.ricevuta_bonifico
payments_treasury.distinta_incasso_riba,distinta incasso Ri.Ba.,payments_treasury,SCHEMA_READY,P2,1,"Export ordine, esito e riconciliazione come stati distinti; prova pagamento richiede riferimento di esecuzione.",content_reviewed_unique_real_documents; normalized_text_dedupe; template_or_near_duplicate_check,25,document_number; issue_date; issuer_name; recipient_name; payment_date; amount; payment_reference,payments_treasury.incasso_ri_ba; payments_treasury.distinta_bonifici
payments_treasury.incasso_ri_ba,incasso RI.BA.,payments_treasury,SCHEMA_READY,P2,0,"Export ordine, esito e riconciliazione come stati distinti; prova pagamento richiede riferimento di esecuzione.",content_reviewed_unique_real_documents; normalized_text_dedupe; template_or_near_duplicate_check,25,document_number; issue_date; issuer_name; recipient_name; payment_date; amount; payment_reference,payments_treasury.distinta_incasso_riba; payments_treasury.scadenziario_fornitori
payments_treasury.ordine_pagamento,ordine pagamento,payments_treasury,SCHEMA_READY,P2,1,"Export ordine, esito e riconciliazione come stati distinti; prova pagamento richiede riferimento di esecuzione.",content_reviewed_unique_real_documents; normalized_text_dedupe; template_or_near_duplicate_check,25,document_number; issue_date; issuer_name; recipient_name; payment_date; amount; payment_reference,payments_treasury.riconciliazione_pagamento; payments_treasury.richiesta_pagamento; banking.estratto_conto_bancario
payments_treasury.ricevuta_pagamento_cbill,ricevuta pagamento CBILL,payments_treasury,SCHEMA_READY,P2,0,"Export ordine, esito e riconciliazione come stati distinti; prova pagamento richiede riferimento di esecuzione.",content_reviewed_unique_real_documents; normalized_text_dedupe; template_or_near_duplicate_check,25,document_number; issue_date; issuer_name; recipient_name; payment_date; amount; payment_reference,payments_treasury.riconciliazione_pagamento; payments_treasury.richiesta_pagamento
payments_treasury.ricevuta_pagopa,ricevuta telematica pagoPA,payments_treasury,SCHEMA_READY,P2,1,"Export ordine, esito e riconciliazione come stati distinti; prova pagamento richiede riferimento di esecuzione.",content_reviewed_unique_real_documents; normalized_text_dedupe; template_or_near_duplicate_check,25,document_number; issue_date; issuer_name; recipient_name; payment_date; amount; payment_reference,fiscal_tax.ricevuta_telematica_agenzia_entrate; payments_treasury.ricevuta_pos
payments_treasury.ricevuta_pos,ricevuta POS,payments_treasury,SCHEMA_READY,P2,0,"Export ordine, esito e riconciliazione come stati distinti; prova pagamento richiede riferimento di esecuzione.",content_reviewed_unique_real_documents; normalized_text_dedupe; template_or_near_duplicate_check,25,document_number; issue_date; issuer_name; recipient_name; payment_date; amount; payment_reference,payments_treasury.ricevuta_pagopa; payments_treasury.ricevuta_pagamento_cbill
payments_treasury.richiesta_pagamento,richiesta pagamento,payments_treasury,SCHEMA_READY,P2,0,"Export ordine, esito e riconciliazione come stati distinti; prova pagamento richiede riferimento di esecuzione.",content_reviewed_unique_real_documents; normalized_text_dedupe; template_or_near_duplicate_check,25,document_number; issue_date; issuer_name; recipient_name; payment_date; amount; payment_reference,payments_treasury.riconciliazione_pagamento; payments_treasury.ricevuta_pagamento_cbill
payments_treasury.riconciliazione_carte_aziendali,riconciliazione carte aziendali,payments_treasury,SCHEMA_READY,P2,0,"Export ordine, esito e riconciliazione come stati distinti; prova pagamento richiede riferimento di esecuzione.",content_reviewed_unique_real_documents; normalized_text_dedupe; template_or_near_duplicate_check,25,document_number; issue_date; issuer_name; recipient_name; payment_date; amount; payment_reference,payments_treasury.riconciliazione_pagamento; hr_personnel.verbale_consegna_beni_aziendali
payments_treasury.riconciliazione_pagamento,riconciliazione pagamento,payments_treasury,SCHEMA_READY,P2,0,"Export ordine, esito e riconciliazione come stati distinti; prova pagamento richiede riferimento di esecuzione.",content_reviewed_unique_real_documents; normalized_text_dedupe; template_or_near_duplicate_check,25,document_number; issue_date; issuer_name; recipient_name; payment_date; amount; payment_reference,payments_treasury.riconciliazione_carte_aziendali; payments_treasury.richiesta_pagamento
payments_treasury.scadenziario_fornitori,scadenziario fornitori,payments_treasury,SCHEMA_READY,P2,0,"Export ordine, esito e riconciliazione come stati distinti; prova pagamento richiede riferimento di esecuzione.",content_reviewed_unique_real_documents; normalized_text_dedupe; template_or_near_duplicate_check,25,document_number; issue_date; issuer_name; recipient_name; payment_date; amount; payment_reference,payments_treasury.riconciliazione_pagamento; payments_treasury.riconciliazione_carte_aziendali
payroll_contributions.basi_calcolo_autoliquidazione_inail,basi di calcolo autoliquidazione INAIL,payroll_contributions,SCHEMA_READY,P1,0,Export periodo originale + ricevute ente; dichiarazione e regolarità contributiva sono prove diverse.,content_reviewed_unique_real_documents; normalized_text_dedupe; template_or_near_duplicate_check,25,document_number; issue_date; issuer_name; recipient_name,hse_health.denuncia_malattia_professionale_inail; hse_health.denuncia_infortunio_inail
payroll_contributions.certificato_agibilita_inps,certificato di agibilità INPS,payroll_contributions,SCHEMA_READY,P1,0,Export periodo originale + ricevute ente; dichiarazione e regolarità contributiva sono prove diverse.,content_reviewed_unique_real_documents; normalized_text_dedupe; template_or_near_duplicate_check,25,document_number; issue_date; issuer_name; recipient_name,real_estate.certificato_agibilita; vehicles_transport.certificato_proprieta_veicolo
payroll_contributions.certificazione_retribuzioni,certificazione retribuzioni,payroll_contributions,SCHEMA_READY,P1,0,Export periodo originale + ricevute ente; dichiarazione e regolarità contributiva sono prove diverse.,content_reviewed_unique_real_documents; normalized_text_dedupe; template_or_near_duplicate_check,25,document_number; issue_date; issuer_name; recipient_name,fiscal_tax.certificazione_unica; payroll_contributions.prospetto_tfr
payroll_contributions.denuncia_uniemens,denuncia UNIEMENS,payroll_contributions,SCHEMA_READY,P1,1,Export periodo originale + ricevute ente; dichiarazione e regolarità contributiva sono prove diverse.,content_reviewed_unique_real_documents; normalized_text_dedupe; template_or_near_duplicate_check,25,document_number; issue_date; issuer_name; recipient_name,insurance.denuncia_sinistro; hse_health.denuncia_malattia_professionale_inail
payroll_contributions.distinta_stipendi,distinta stipendi,payroll_contributions,SCHEMA_READY,P1,0,Export periodo originale + ricevute ente; dichiarazione e regolarità contributiva sono prove diverse.,content_reviewed_unique_real_documents; normalized_text_dedupe; template_or_near_duplicate_check,25,document_number; issue_date; issuer_name; recipient_name,payments_treasury.distinta_incasso_riba; payments_treasury.distinta_bonifici
payroll_contributions.durc,DURC,payroll_contributions,SCHEMA_READY,P1,1,Export periodo originale + ricevute ente; dichiarazione e regolarità contributiva sono prove diverse.,content_reviewed_unique_real_documents; normalized_text_dedupe; template_or_near_duplicate_check,25,document_number; issue_date; issuer_name; recipient_name,fiscal_tax.certificato_regolarita_fiscale; public_procurement.dichiarazione_requisiti_art_94; hse_risk.pos
payroll_contributions.estratto_conto_contributivo,estratto conto contributivo,payroll_contributions,SCHEMA_READY,P1,0,Export periodo originale + ricevute ente; dichiarazione e regolarità contributiva sono prove diverse.,content_reviewed_unique_real_documents; normalized_text_dedupe; template_or_near_duplicate_check,25,document_number; issue_date; issuer_name; recipient_name,credit_collections.estratto_conto_cliente; banking.estratto_conto_carta_aziendale
payroll_contributions.prospetto_contributivo,prospetto contributivo,payroll_contributions,SCHEMA_READY,P1,0,Export periodo originale + ricevute ente; dichiarazione e regolarità contributiva sono prove diverse.,content_reviewed_unique_real_documents; normalized_text_dedupe; template_or_near_duplicate_check,25,document_number; issue_date; issuer_name; recipient_name,payroll_contributions.prospetto_tfr; payroll_contributions.prospetto_ferie_permessi
payroll_contributions.prospetto_ferie_permessi,prospetto ferie permessi,payroll_contributions,SCHEMA_READY,P1,0,Export periodo originale + ricevute ente; dichiarazione e regolarità contributiva sono prove diverse.,content_reviewed_unique_real_documents; normalized_text_dedupe; template_or_near_duplicate_check,25,document_number; issue_date; issuer_name; recipient_name,payroll_contributions.prospetto_tfr; payroll_contributions.prospetto_contributivo
payroll_contributions.prospetto_tfr,prospetto TFR,payroll_contributions,SCHEMA_READY,P1,0,Export periodo originale + ricevute ente; dichiarazione e regolarità contributiva sono prove diverse.,content_reviewed_unique_real_documents; normalized_text_dedupe; template_or_near_duplicate_check,25,document_number; issue_date; issuer_name; recipient_name,payroll_contributions.prospetto_ferie_permessi; payroll_contributions.prospetto_contributivo
pnrr_esg.attestazione_parita_genere,attestazione parità genere,pnrr_esg,SCHEMA_READY,P2,0,"Allegati effettivamente compilati, progetto/versione e fonti metriche; checklist vuote solo test di schema.",content_reviewed_unique_real_documents; normalized_text_dedupe; template_or_near_duplicate_check,25,document_number; issue_date; issuer_name; recipient_name,technical_products.attestazione_provenienza_materia_prima; pnrr_esg.report_avanzamento_pnrr
pnrr_esg.checklist_pnrr,checklist PNRR,pnrr_esg,SCHEMA_READY,P2,0,"Allegati effettivamente compilati, progetto/versione e fonti metriche; checklist vuote solo test di schema.",content_reviewed_unique_real_documents; normalized_text_dedupe; template_or_near_duplicate_check,25,document_number; issue_date; issuer_name; recipient_name,pnrr_esg.report_avanzamento_pnrr; pnrr_esg.relazione_sostenibilita
pnrr_esg.dichiarazione_assenza_doppio_finanziamento,dichiarazione assenza doppio finanziamento,pnrr_esg,SCHEMA_READY,P2,0,"Allegati effettivamente compilati, progetto/versione e fonti metriche; checklist vuote solo test di schema.",content_reviewed_unique_real_documents; normalized_text_dedupe; template_or_near_duplicate_check,25,document_number; issue_date; issuer_name; recipient_name,pnrr_esg.dichiarazione_titolare_effettivo; pnrr_esg.dichiarazione_dnsh
pnrr_esg.dichiarazione_conflitto_interessi,dichiarazione conflitto interessi,pnrr_esg,SCHEMA_READY,P2,0,"Allegati effettivamente compilati, progetto/versione e fonti metriche; checklist vuote solo test di schema.",content_reviewed_unique_real_documents; normalized_text_dedupe; template_or_near_duplicate_check,25,document_number; issue_date; issuer_name; recipient_name,procurement.dichiarazione_conflitto_interessi_fornitore; pnrr_esg.dichiarazione_titolare_effettivo
pnrr_esg.dichiarazione_dnsh,dichiarazione DNSH,pnrr_esg,SCHEMA_READY,P2,0,"Allegati effettivamente compilati, progetto/versione e fonti metriche; checklist vuote solo test di schema.",content_reviewed_unique_real_documents; normalized_text_dedupe; template_or_near_duplicate_check,25,document_number; issue_date; issuer_name; recipient_name,pnrr_esg.dichiarazione_titolare_effettivo; pnrr_esg.dichiarazione_conflitto_interessi
pnrr_esg.dichiarazione_titolare_effettivo,dichiarazione titolare effettivo,pnrr_esg,SCHEMA_READY,P2,0,"Allegati effettivamente compilati, progetto/versione e fonti metriche; checklist vuote solo test di schema.",content_reviewed_unique_real_documents; normalized_text_dedupe; template_or_near_duplicate_check,25,document_number; issue_date; issuer_name; recipient_name,corporate_registry.comunicazione_titolare_effettivo; pnrr_esg.dichiarazione_dnsh
pnrr_esg.inventario_ghg,inventario GHG,pnrr_esg,SCHEMA_READY,P2,0,"Allegati effettivamente compilati, progetto/versione e fonti metriche; checklist vuote solo test di schema.",content_reviewed_unique_real_documents; normalized_text_dedupe; template_or_near_duplicate_check,25,document_number; issue_date; issuer_name; recipient_name,pnrr_esg.relazione_emissioni_ghg; environment.registro_emissioni
pnrr_esg.questionario_esg_fornitore,questionario ESG fornitore,pnrr_esg,SCHEMA_READY,P2,0,"Allegati effettivamente compilati, progetto/versione e fonti metriche; checklist vuote solo test di schema.",content_reviewed_unique_real_documents; normalized_text_dedupe; template_or_near_duplicate_check,25,document_number; issue_date; issuer_name; recipient_name,procurement.questionario_qualifica_fornitore; quality_iso.rapporto_audit_fornitore
pnrr_esg.rapporto_gender_pay_gap,rapporto gender pay gap,pnrr_esg,SCHEMA_READY,P2,0,"Allegati effettivamente compilati, progetto/versione e fonti metriche; checklist vuote solo test di schema.",content_reviewed_unique_real_documents; normalized_text_dedupe; template_or_near_duplicate_check,25,document_number; issue_date; issuer_name; recipient_name,technical_products.rapporto_prova_laboratorio; sales_customers.rapportino_intervento
pnrr_esg.relazione_cam,relazione CAM,pnrr_esg,SCHEMA_READY,P2,1,"Allegati effettivamente compilati, progetto/versione e fonti metriche; checklist vuote solo test di schema.",content_reviewed_unique_real_documents; normalized_text_dedupe; template_or_near_duplicate_check,25,document_number; issue_date; issuer_name; recipient_name,pnrr_esg.relazione_sostenibilita; pnrr_esg.relazione_emissioni_ghg
pnrr_esg.relazione_emissioni_ghg,relazione emissioni GHG,pnrr_esg,SCHEMA_READY,P2,0,"Allegati effettivamente compilati, progetto/versione e fonti metriche; checklist vuote solo test di schema.",content_reviewed_unique_real_documents; normalized_text_dedupe; template_or_near_duplicate_check,25,document_number; issue_date; issuer_name; recipient_name,pnrr_esg.relazione_sostenibilita; pnrr_esg.relazione_cam
pnrr_esg.relazione_sostenibilita,relazione sostenibilità,pnrr_esg,SCHEMA_READY,P2,1,"Allegati effettivamente compilati, progetto/versione e fonti metriche; checklist vuote solo test di schema.",content_reviewed_unique_real_documents; normalized_text_dedupe; template_or_near_duplicate_check,25,document_number; issue_date; issuer_name; recipient_name,pnrr_esg.relazione_emissioni_ghg; pnrr_esg.relazione_cam
pnrr_esg.report_avanzamento_pnrr,report avanzamento PNRR,pnrr_esg,SCHEMA_READY,P2,0,"Allegati effettivamente compilati, progetto/versione e fonti metriche; checklist vuote solo test di schema.",content_reviewed_unique_real_documents; normalized_text_dedupe; template_or_near_duplicate_check,25,document_number; issue_date; issuer_name; recipient_name,pnrr_esg.checklist_pnrr; privacy_gdpr.data_breach_report
privacy_gdpr.accordo_contitolarita,accordo di contitolarità,privacy_gdpr,SCHEMA_READY,P2,1,Policy pubblica ove prevista; registri e incidenti da export autorizzati; distinguere modello di valutazione da valutazione reale.,content_reviewed_unique_real_documents; normalized_text_dedupe; template_or_near_duplicate_check,25,document_number; issue_date; issuer_name; recipient_name; processing_purpose; legal_basis,legal_disputes.accordo_transattivo; legal_corporate.accordo_riservatezza
privacy_gdpr.consenso_privacy,consenso privacy,privacy_gdpr,SCHEMA_READY,P2,0,Policy pubblica ove prevista; registri e incidenti da export autorizzati; distinguere modello di valutazione da valutazione reale.,content_reviewed_unique_real_documents; normalized_text_dedupe; template_or_near_duplicate_check,25,document_number; issue_date; issuer_name; recipient_name; processing_purpose; legal_basis,privacy_gdpr.registro_consensi; privacy_gdpr.informativa_privacy
privacy_gdpr.data_breach_report,data breach report,privacy_gdpr,SCHEMA_READY,P2,0,Policy pubblica ove prevista; registri e incidenti da export autorizzati; distinguere modello di valutazione da valutazione reale.,content_reviewed_unique_real_documents; normalized_text_dedupe; template_or_near_duplicate_check,25,document_number; issue_date; issuer_name; recipient_name; processing_purpose; legal_basis,privacy_gdpr.notifica_data_breach_garante; pnrr_esg.report_avanzamento_pnrr
privacy_gdpr.dpia,DPIA,privacy_gdpr,SCHEMA_READY,P2,1,Policy pubblica ove prevista; registri e incidenti da export autorizzati; distinguere modello di valutazione da valutazione reale.,content_reviewed_unique_real_documents; normalized_text_dedupe; template_or_near_duplicate_check,25,document_number; issue_date; issuer_name; recipient_name; processing_purpose; legal_basis,privacy_gdpr.valutazione_legittimo_interesse; privacy_gdpr.richiesta_esercizio_diritti_gdpr
privacy_gdpr.informativa_privacy,informativa privacy,privacy_gdpr,PRETESTED,P1,1,Policy pubblica ove prevista; registri e incidenti da export autorizzati; distinguere modello di valutazione da valutazione reale.,independent_unique_real_positive_documents; independent_layout_or_template_groups; independent_hard_negative_documents; competing_classes_represented; content_only_top1_accuracy; split_group_leakage; regression_contract_pass_rate,25,document_number; issue_date; issuer_name; recipient_name; processing_purpose; legal_basis,privacy_gdpr.registro_consensi; privacy_gdpr.consenso_privacy
privacy_gdpr.nomina_autorizzato_trattamento,nomina autorizzato trattamento,privacy_gdpr,SCHEMA_READY,P2,0,Policy pubblica ove prevista; registri e incidenti da export autorizzati; distinguere modello di valutazione da valutazione reale.,content_reviewed_unique_real_documents; normalized_text_dedupe; template_or_near_duplicate_check,25,document_number; issue_date; issuer_name; recipient_name; processing_purpose; legal_basis,privacy_gdpr.nomina_responsabile_trattamento; privacy_gdpr.nomina_dpo
privacy_gdpr.nomina_dpo,nomina DPO,privacy_gdpr,SCHEMA_READY,P2,0,Policy pubblica ove prevista; registri e incidenti da export autorizzati; distinguere modello di valutazione da valutazione reale.,content_reviewed_unique_real_documents; normalized_text_dedupe; template_or_near_duplicate_check,25,document_number; issue_date; issuer_name; recipient_name; processing_purpose; legal_basis,privacy_gdpr.nomina_responsabile_trattamento; privacy_gdpr.nomina_autorizzato_trattamento
privacy_gdpr.nomina_responsabile_trattamento,nomina responsabile trattamento,privacy_gdpr,SCHEMA_READY,P2,0,Policy pubblica ove prevista; registri e incidenti da export autorizzati; distinguere modello di valutazione da valutazione reale.,content_reviewed_unique_real_documents; normalized_text_dedupe; template_or_near_duplicate_check,25,document_number; issue_date; issuer_name; recipient_name; processing_purpose; legal_basis,privacy_gdpr.nomina_autorizzato_trattamento; privacy_gdpr.nomina_dpo; hse_risk.psc
privacy_gdpr.notifica_data_breach_garante,notifica data breach al Garante,privacy_gdpr,SCHEMA_READY,P2,0,Policy pubblica ove prevista; registri e incidenti da export autorizzati; distinguere modello di valutazione da valutazione reale.,content_reviewed_unique_real_documents; normalized_text_dedupe; template_or_near_duplicate_check,25,document_number; issue_date; issuer_name; recipient_name; processing_purpose; legal_basis,privacy_gdpr.data_breach_report; privacy_gdpr.registro_data_breach
privacy_gdpr.registro_consensi,registro consensi privacy,privacy_gdpr,SCHEMA_READY,P2,0,Policy pubblica ove prevista; registri e incidenti da export autorizzati; distinguere modello di valutazione da valutazione reale.,content_reviewed_unique_real_documents; normalized_text_dedupe; template_or_near_duplicate_check,25,document_number; issue_date; issuer_name; recipient_name; processing_purpose; legal_basis,privacy_gdpr.registro_trattamenti; privacy_gdpr.registro_data_breach
privacy_gdpr.registro_data_breach,registro delle violazioni dati,privacy_gdpr,SCHEMA_READY,P2,0,Policy pubblica ove prevista; registri e incidenti da export autorizzati; distinguere modello di valutazione da valutazione reale.,content_reviewed_unique_real_documents; normalized_text_dedupe; template_or_near_duplicate_check,25,document_number; issue_date; issuer_name; recipient_name; processing_purpose; legal_basis,privacy_gdpr.registro_trattamenti; privacy_gdpr.registro_consensi
privacy_gdpr.registro_trattamenti,registro trattamenti,privacy_gdpr,SCHEMA_READY,P2,0,Policy pubblica ove prevista; registri e incidenti da export autorizzati; distinguere modello di valutazione da valutazione reale.,content_reviewed_unique_real_documents; normalized_text_dedupe; template_or_near_duplicate_check,25,document_number; issue_date; issuer_name; recipient_name; processing_purpose; legal_basis,privacy_gdpr.registro_data_breach; privacy_gdpr.registro_consensi
privacy_gdpr.richiesta_esercizio_diritti_gdpr,richiesta esercizio diritti GDPR,privacy_gdpr,SCHEMA_READY,P2,0,Policy pubblica ove prevista; registri e incidenti da export autorizzati; distinguere modello di valutazione da valutazione reale.,content_reviewed_unique_real_documents; normalized_text_dedupe; template_or_near_duplicate_check,25,document_number; issue_date; issuer_name; recipient_name; processing_purpose; legal_basis,procurement.richiesta_offerta; procurement.richiesta_acquisto
privacy_gdpr.valutazione_legittimo_interesse,valutazione legittimo interesse,privacy_gdpr,SCHEMA_READY,P2,0,Policy pubblica ove prevista; registri e incidenti da export autorizzati; distinguere modello di valutazione da valutazione reale.,content_reviewed_unique_real_documents; normalized_text_dedupe; template_or_near_duplicate_check,25,document_number; issue_date; issuer_name; recipient_name; processing_purpose; legal_basis,procurement.verbale_valutazione_offerte; procurement.vendor_scorecard
procurement.anagrafica_fornitore,anagrafica fornitore,procurement,SCHEMA_READY,P1,0,"ERP e PDF collegati tramite order ID, ruolo e revisione; listino non è preventivo né conferma ordine.",content_reviewed_unique_real_documents; normalized_text_dedupe; template_or_near_duplicate_check,25,document_number; issue_date; issuer_name; recipient_name,procurement.vendor_scorecard; procurement.reclamo_fornitore
procurement.catalogo_fornitore,catalogo fornitore,procurement,SCHEMA_READY,P1,0,"ERP e PDF collegati tramite order ID, ruolo e revisione; listino non è preventivo né conferma ordine.",content_reviewed_unique_real_documents; normalized_text_dedupe; template_or_near_duplicate_check,25,document_number; issue_date; issuer_name; recipient_name,procurement.vendor_scorecard; procurement.reclamo_fornitore
procurement.conferma_ordine,conferma ordine,procurement,PRETESTED,P1,1,"ERP e PDF collegati tramite order ID, ruolo e revisione; listino non è preventivo né conferma ordine.",independent_unique_real_positive_documents; independent_layout_or_template_groups; independent_hard_negative_documents; competing_classes_represented; content_only_top1_accuracy; split_group_leakage; regression_contract_pass_rate,25,document_number; issue_date; issuer_name; recipient_name,sales_customers.conferma_ordine_cliente; procurement.ordine_aperto
procurement.contestazione_fornitura,contestazione fornitura,procurement,SCHEMA_READY,P1,0,"ERP e PDF collegati tramite order ID, ruolo e revisione; listino non è preventivo né conferma ordine.",content_reviewed_unique_real_documents; normalized_text_dedupe; template_or_near_duplicate_check,25,document_number; issue_date; issuer_name; recipient_name,utilities_subscriptions.preventivo_fornitura_idrica; hr_employment.contestazione_disciplinare
procurement.ddt,DDT,procurement,SCHEMA_READY,P1,3,"ERP e PDF collegati tramite order ID, ruolo e revisione; listino non è preventivo né conferma ordine.",content_reviewed_unique_real_documents; normalized_text_dedupe; template_or_near_duplicate_check,25,document_number; issue_date; issuer_name; recipient_name,procurement.verbale_valutazione_offerte; procurement.verbale_consegna
procurement.dichiarazione_conflitto_interessi_fornitore,dichiarazione conflitto interessi fornitore,procurement,SCHEMA_READY,P1,0,"ERP e PDF collegati tramite order ID, ruolo e revisione; listino non è preventivo né conferma ordine.",content_reviewed_unique_real_documents; normalized_text_dedupe; template_or_near_duplicate_check,25,document_number; issue_date; issuer_name; recipient_name,pnrr_esg.dichiarazione_conflitto_interessi; procurement.vendor_scorecard
procurement.listino_prezzi_fornitore,listino prezzi fornitore,procurement,SCHEMA_READY,P1,0,"ERP e PDF collegati tramite order ID, ruolo e revisione; listino non è preventivo né conferma ordine.",content_reviewed_unique_real_documents; normalized_text_dedupe; template_or_near_duplicate_check,25,document_number; issue_date; issuer_name; recipient_name,sales_customers.listino_prezzi_cliente; procurement.vendor_scorecard
procurement.offerta_commerciale,offerta commerciale,procurement,SCHEMA_READY,P1,0,"ERP e PDF collegati tramite order ID, ruolo e revisione; listino non è preventivo né conferma ordine.",content_reviewed_unique_real_documents; normalized_text_dedupe; template_or_near_duplicate_check,25,document_number; issue_date; issuer_name; recipient_name,procurement.richiesta_offerta; sales_customers.proposta_commerciale
procurement.ordine_acquisto,ordine acquisto,procurement,SCHEMA_READY,P1,4,"ERP e PDF collegati tramite order ID, ruolo e revisione; listino non è preventivo né conferma ordine.",content_reviewed_unique_real_documents; normalized_text_dedupe; template_or_near_duplicate_check,25,document_number; issue_date; issuer_name; recipient_name,procurement.richiesta_acquisto; procurement.ordine_aperto
procurement.ordine_aperto,ordine aperto,procurement,SCHEMA_READY,P1,0,"ERP e PDF collegati tramite order ID, ruolo e revisione; listino non è preventivo né conferma ordine.",content_reviewed_unique_real_documents; normalized_text_dedupe; template_or_near_duplicate_check,25,document_number; issue_date; issuer_name; recipient_name,procurement.ordine_acquisto; contracts_general.contratto_quadro
procurement.preventivo,preventivo,procurement,PRETESTED,P1,1,"ERP e PDF collegati tramite order ID, ruolo e revisione; listino non è preventivo né conferma ordine.",independent_unique_real_positive_documents; independent_layout_or_template_groups; independent_hard_negative_documents; competing_classes_represented; content_only_top1_accuracy; split_group_leakage; regression_contract_pass_rate,25,document_number; issue_date; issuer_name; recipient_name,utilities_subscriptions.preventivo_fornitura_idrica; insurance.preventivo_polizza
procurement.questionario_qualifica_fornitore,questionario qualifica fornitore,procurement,SCHEMA_READY,P1,0,"ERP e PDF collegati tramite order ID, ruolo e revisione; listino non è preventivo né conferma ordine.",content_reviewed_unique_real_documents; normalized_text_dedupe; template_or_near_duplicate_check,25,document_number; issue_date; issuer_name; recipient_name,pnrr_esg.questionario_esg_fornitore; procurement.vendor_scorecard
procurement.reclamo_fornitore,reclamo al fornitore,procurement,SCHEMA_READY,P1,0,"ERP e PDF collegati tramite order ID, ruolo e revisione; listino non è preventivo né conferma ordine.",content_reviewed_unique_real_documents; normalized_text_dedupe; template_or_near_duplicate_check,25,document_number; issue_date; issuer_name; recipient_name,procurement.contestazione_fornitura; communications.risposta_reclamo
procurement.richiesta_acquisto,richiesta di acquisto,procurement,SCHEMA_READY,P1,0,"ERP e PDF collegati tramite order ID, ruolo e revisione; listino non è preventivo né conferma ordine.",content_reviewed_unique_real_documents; normalized_text_dedupe; template_or_near_duplicate_check,25,document_number; issue_date; issuer_name; recipient_name,procurement.richiesta_offerta; procurement.ordine_acquisto
procurement.richiesta_offerta,richiesta offerta,procurement,SCHEMA_READY,P1,0,"ERP e PDF collegati tramite order ID, ruolo e revisione; listino non è preventivo né conferma ordine.",content_reviewed_unique_real_documents; normalized_text_dedupe; template_or_near_duplicate_check,25,document_number; issue_date; issuer_name; recipient_name,procurement.richiesta_acquisto; procurement.offerta_commerciale
procurement.vendor_scorecard,scheda valutazione fornitore,procurement,SCHEMA_READY,P1,0,"ERP e PDF collegati tramite order ID, ruolo e revisione; listino non è preventivo né conferma ordine.",content_reviewed_unique_real_documents; normalized_text_dedupe; template_or_near_duplicate_check,25,document_number; issue_date; issuer_name; recipient_name,hr_personnel.scheda_valutazione_performance; accounting.scheda_contabile_fornitore
procurement.verbale_consegna,verbale consegna,procurement,SCHEMA_READY,P1,0,"ERP e PDF collegati tramite order ID, ruolo e revisione; listino non è preventivo né conferma ordine.",content_reviewed_unique_real_documents; normalized_text_dedupe; template_or_near_duplicate_check,25,document_number; issue_date; issuer_name; recipient_name,vehicles_transport.verbale_consegna_veicolo; rentals.verbale_consegna_bene_noleggiato
procurement.verbale_valutazione_offerte,verbale valutazione offerte,procurement,SCHEMA_READY,P1,0,"ERP e PDF collegati tramite order ID, ruolo e revisione; listino non è preventivo né conferma ordine.",content_reviewed_unique_real_documents; normalized_text_dedupe; template_or_near_duplicate_check,25,document_number; issue_date; issuer_name; recipient_name,procurement.verbale_consegna; procurement.vendor_scorecard
public_contracts.atto_sottomissione,atto sottomissione,public_contracts,SCHEMA_READY,P1,0,Allegati originali della procedura con CIG/CUP; non sostituire CRE con CEL o determina che li cita.,content_reviewed_unique_real_documents; normalized_text_dedupe; template_or_near_duplicate_check,25,document_number; issue_date; issuer_name; recipient_name,legal_disputes.atto_citazione; corporate_registry.atto_costitutivo
public_contracts.certificato_regolare_esecuzione,certificato regolare esecuzione,public_contracts,SCHEMA_READY,P1,1,Allegati originali della procedura con CIG/CUP; non sostituire CRE con CEL o determina che li cita.,content_reviewed_unique_real_documents; normalized_text_dedupe; template_or_near_duplicate_check,25,document_number; issue_date; issuer_name; recipient_name,public_contracts.certificato_ultimazione_lavori; vehicles_transport.certificato_proprieta_veicolo
public_contracts.certificato_ultimazione_lavori,certificato ultimazione lavori,public_contracts,SCHEMA_READY,P1,0,Allegati originali della procedura con CIG/CUP; non sostituire CRE con CEL o determina che li cita.,content_reviewed_unique_real_documents; normalized_text_dedupe; template_or_near_duplicate_check,25,document_number; issue_date; issuer_name; recipient_name,public_contracts.collaudo_lavori; public_contracts.certificato_regolare_esecuzione
public_contracts.collaudo_lavori,collaudo lavori,public_contracts,SCHEMA_READY,P1,0,Allegati originali della procedura con CIG/CUP; non sostituire CRE con CEL o determina che li cita.,content_reviewed_unique_real_documents; normalized_text_dedupe; template_or_near_duplicate_check,25,document_number; issue_date; issuer_name; recipient_name,public_contracts.certificato_ultimazione_lavori; hse_training.attestato_lavori_in_quota
public_contracts.contratto_appalto_pubblico,contratto appalto pubblico,public_contracts,SCHEMA_READY,P1,0,Allegati originali della procedura con CIG/CUP; non sostituire CRE con CEL o determina che li cita.,content_reviewed_unique_real_documents; normalized_text_dedupe; template_or_near_duplicate_check,25,document_number; issue_date; issuer_name; recipient_name,sales_customers.contratto_vendita; rentals.contratto_noleggio_operativo
public_contracts.determina_aggiudicazione,determina aggiudicazione,public_contracts,SCHEMA_READY,P1,0,Allegati originali della procedura con CIG/CUP; non sostituire CRE con CEL o determina che li cita.,content_reviewed_unique_real_documents; normalized_text_dedupe; template_or_near_duplicate_check,25,document_number; issue_date; issuer_name; recipient_name,public_contracts.verbale_aggiudicazione; public_contracts.ordine_servizio
public_contracts.ordine_servizio,ordine servizio,public_contracts,SCHEMA_READY,P1,0,Allegati originali della procedura con CIG/CUP; non sostituire CRE con CEL o determina che li cita.,content_reviewed_unique_real_documents; normalized_text_dedupe; template_or_near_duplicate_check,25,document_number; issue_date; issuer_name; recipient_name,sales_customers.ordine_cliente; sales_customers.conferma_ordine_cliente
public_contracts.verbale_aggiudicazione,verbale aggiudicazione,public_contracts,SCHEMA_READY,P1,0,Allegati originali della procedura con CIG/CUP; non sostituire CRE con CEL o determina che li cita.,content_reviewed_unique_real_documents; normalized_text_dedupe; template_or_near_duplicate_check,25,document_number; issue_date; issuer_name; recipient_name,public_contracts.determina_aggiudicazione; vehicles_transport.verbale_consegna_veicolo
public_procurement.bando_gara,bando gara,public_procurement,SCHEMA_READY,P2,3,Avvisi e allegati ufficiali; offerte e dichiarazioni compilate dalla propria pratica autorizzata.,content_reviewed_unique_real_documents; normalized_text_dedupe; template_or_near_duplicate_check,25,document_number; issue_date; issuer_name; recipient_name,public_procurement.offerta_tecnica_gara; public_procurement.offerta_economica_gara
public_procurement.capitolato_speciale_appalto,capitolato speciale appalto,public_procurement,PRETESTED,P1,1,Avvisi e allegati ufficiali; offerte e dichiarazioni compilate dalla propria pratica autorizzata.,independent_unique_real_positive_documents; independent_layout_or_template_groups; independent_hard_negative_documents; competing_classes_represented; content_only_top1_accuracy; split_group_leakage; regression_contract_pass_rate,25,document_number; issue_date; issuer_name; recipient_name,public_contracts.contratto_appalto_pubblico; corporate_registry.procura_speciale
public_procurement.dgue,DGUE,public_procurement,PRETESTED,P1,0,Avvisi e allegati ufficiali; offerte e dichiarazioni compilate dalla propria pratica autorizzata.,independent_unique_real_positive_documents; independent_layout_or_template_groups; independent_hard_negative_documents; competing_classes_represented; content_only_top1_accuracy; split_group_leakage; regression_contract_pass_rate,25,document_number; issue_date; issuer_name; recipient_name,public_procurement.offerta_tecnica_gara; public_procurement.offerta_economica_gara
public_procurement.dichiarazione_requisiti_art_94,dichiarazione requisiti art 94,public_procurement,SCHEMA_READY,P2,0,Avvisi e allegati ufficiali; offerte e dichiarazioni compilate dalla propria pratica autorizzata.,content_reviewed_unique_real_documents; normalized_text_dedupe; template_or_near_duplicate_check,25,document_number; issue_date; issuer_name; recipient_name,technical_products.epd_dichiarazione_ambientale_prodotto; technical_products.dichiarazione_prestazione_dop
public_procurement.disciplinare_gara,disciplinare gara,public_procurement,SCHEMA_READY,P2,1,Avvisi e allegati ufficiali; offerte e dichiarazioni compilate dalla propria pratica autorizzata.,content_reviewed_unique_real_documents; normalized_text_dedupe; template_or_near_duplicate_check,25,document_number; issue_date; issuer_name; recipient_name,public_procurement.offerta_tecnica_gara; public_procurement.offerta_economica_gara
public_procurement.lettera_invito,lettera invito,public_procurement,SCHEMA_READY,P2,0,Avvisi e allegati ufficiali; offerte e dichiarazioni compilate dalla propria pratica autorizzata.,content_reviewed_unique_real_documents; normalized_text_dedupe; template_or_near_duplicate_check,25,document_number; issue_date; issuer_name; recipient_name,vehicles_transport.lettera_vettura_cmr; logistics_warehouse.lettera_vettura_aerea_awb
public_procurement.offerta_economica_gara,offerta economica gara,public_procurement,SCHEMA_READY,P2,0,Avvisi e allegati ufficiali; offerte e dichiarazioni compilate dalla propria pratica autorizzata.,content_reviewed_unique_real_documents; normalized_text_dedupe; template_or_near_duplicate_check,25,document_number; issue_date; issuer_name; recipient_name,public_procurement.offerta_tecnica_gara; public_procurement.disciplinare_gara
public_procurement.offerta_tecnica_gara,offerta tecnica gara,public_procurement,SCHEMA_READY,P2,0,Avvisi e allegati ufficiali; offerte e dichiarazioni compilate dalla propria pratica autorizzata.,content_reviewed_unique_real_documents; normalized_text_dedupe; template_or_near_duplicate_check,25,document_number; issue_date; issuer_name; recipient_name,public_procurement.offerta_economica_gara; public_procurement.disciplinare_gara
quality_iso.azione_correttiva,azione correttiva,quality_iso,SCHEMA_READY,P2,0,Certificati emittente e registri qualità autorizzati; manuale che descrive audit non è verbale audit.,content_reviewed_unique_real_documents; normalized_text_dedupe; template_or_near_duplicate_check,25,document_number; issue_date; issuer_name; recipient_name,quality_iso.verbale_audit_interno; quality_iso.rapporto_non_conformita
quality_iso.certificato_iso_27001,certificato ISO 27001,quality_iso,SCHEMA_READY,P2,1,Certificati emittente e registri qualità autorizzati; manuale che descrive audit non è verbale audit.,content_reviewed_unique_real_documents; normalized_text_dedupe; template_or_near_duplicate_check,25,document_number; issue_date; issuer_name; recipient_name,quality_iso.certificato_iso_9001; quality_iso.certificato_iso_50001
quality_iso.certificato_iso_45001,certificato ISO 45001,quality_iso,SCHEMA_READY,P2,1,Certificati emittente e registri qualità autorizzati; manuale che descrive audit non è verbale audit.,content_reviewed_unique_real_documents; normalized_text_dedupe; template_or_near_duplicate_check,25,document_number; issue_date; issuer_name; recipient_name,quality_iso.certificato_iso_9001; quality_iso.certificato_iso_50001
quality_iso.certificato_iso_50001,certificato ISO 50001,quality_iso,SCHEMA_READY,P2,1,Certificati emittente e registri qualità autorizzati; manuale che descrive audit non è verbale audit.,content_reviewed_unique_real_documents; normalized_text_dedupe; template_or_near_duplicate_check,25,document_number; issue_date; issuer_name; recipient_name,quality_iso.certificato_iso_9001; quality_iso.certificato_iso_45001
quality_iso.certificato_iso_9001,certificato ISO 9001,quality_iso,SCHEMA_READY,P2,1,Certificati emittente e registri qualità autorizzati; manuale che descrive audit non è verbale audit.,content_reviewed_unique_real_documents; normalized_text_dedupe; template_or_near_duplicate_check,25,document_number; issue_date; issuer_name; recipient_name,quality_iso.certificato_iso_50001; quality_iso.certificato_iso_45001
quality_iso.certificato_taratura,certificato di taratura,quality_iso,SCHEMA_READY,P2,1,Certificati emittente e registri qualità autorizzati; manuale che descrive audit non è verbale audit.,content_reviewed_unique_real_documents; normalized_text_dedupe; template_or_near_duplicate_check,25,document_number; issue_date; issuer_name; recipient_name,quality_iso.certificato_iso_9001; quality_iso.certificato_iso_50001
quality_iso.istruzione_operativa,istruzione operativa,quality_iso,SCHEMA_READY,P2,0,Certificati emittente e registri qualità autorizzati; manuale che descrive audit non è verbale audit.,content_reviewed_unique_real_documents; normalized_text_dedupe; template_or_near_duplicate_check,25,document_number; issue_date; issuer_name; recipient_name,it_security.test_business_continuity; quality_iso.verbale_audit_interno
quality_iso.manuale_qualita,manuale qualità,quality_iso,SCHEMA_READY,P2,2,Certificati emittente e registri qualità autorizzati; manuale che descrive audit non è verbale audit.,content_reviewed_unique_real_documents; normalized_text_dedupe; template_or_near_duplicate_check,25,document_number; issue_date; issuer_name; recipient_name,quality_iso.procedura_qualita; quality_iso.piano_controllo_qualita
quality_iso.piano_audit,piano di audit,quality_iso,SCHEMA_READY,P2,0,Certificati emittente e registri qualità autorizzati; manuale che descrive audit non è verbale audit.,content_reviewed_unique_real_documents; normalized_text_dedupe; template_or_near_duplicate_check,25,document_number; issue_date; issuer_name; recipient_name,quality_iso.verbale_audit_interno; quality_iso.rapporto_audit_fornitore
quality_iso.piano_controllo_qualita,piano controllo qualità,quality_iso,SCHEMA_READY,P2,0,Certificati emittente e registri qualità autorizzati; manuale che descrive audit non è verbale audit.,content_reviewed_unique_real_documents; normalized_text_dedupe; template_or_near_duplicate_check,25,document_number; issue_date; issuer_name; recipient_name,quality_iso.procedura_qualita; quality_iso.piano_miglioramento
quality_iso.piano_haccp,piano HACCP,quality_iso,SCHEMA_READY,P2,0,Certificati emittente e registri qualità autorizzati; manuale che descrive audit non è verbale audit.,content_reviewed_unique_real_documents; normalized_text_dedupe; template_or_near_duplicate_check,25,document_number; issue_date; issuer_name; recipient_name,quality_iso.piano_miglioramento; quality_iso.piano_controllo_qualita
quality_iso.piano_miglioramento,piano miglioramento,quality_iso,SCHEMA_READY,P2,0,Certificati emittente e registri qualità autorizzati; manuale che descrive audit non è verbale audit.,content_reviewed_unique_real_documents; normalized_text_dedupe; template_or_near_duplicate_check,25,document_number; issue_date; issuer_name; recipient_name,quality_iso.piano_haccp; quality_iso.piano_controllo_qualita
quality_iso.procedura_qualita,procedura qualità,quality_iso,SCHEMA_READY,P2,0,Certificati emittente e registri qualità autorizzati; manuale che descrive audit non è verbale audit.,content_reviewed_unique_real_documents; normalized_text_dedupe; template_or_near_duplicate_check,25,document_number; issue_date; issuer_name; recipient_name,quality_iso.piano_controllo_qualita; quality_iso.manuale_qualita
quality_iso.rapporto_audit_fornitore,rapporto audit fornitore,quality_iso,SCHEMA_READY,P2,0,Certificati emittente e registri qualità autorizzati; manuale che descrive audit non è verbale audit.,content_reviewed_unique_real_documents; normalized_text_dedupe; template_or_near_duplicate_check,25,document_number; issue_date; issuer_name; recipient_name,quality_iso.verbale_audit_interno; quality_iso.rapporto_non_conformita
quality_iso.rapporto_ispezione,rapporto di ispezione,quality_iso,SCHEMA_READY,P2,0,Certificati emittente e registri qualità autorizzati; manuale che descrive audit non è verbale audit.,content_reviewed_unique_real_documents; normalized_text_dedupe; template_or_near_duplicate_check,25,document_number; issue_date; issuer_name; recipient_name,quality_iso.rapporto_non_conformita; quality_iso.rapporto_audit_fornitore
quality_iso.rapporto_non_conformita,rapporto non conformità,quality_iso,SCHEMA_READY,P2,0,Certificati emittente e registri qualità autorizzati; manuale che descrive audit non è verbale audit.,content_reviewed_unique_real_documents; normalized_text_dedupe; template_or_near_duplicate_check,25,document_number; issue_date; issuer_name; recipient_name,quality_iso.rapporto_ispezione; quality_iso.rapporto_audit_fornitore
quality_iso.verbale_audit_interno,verbale audit interno,quality_iso,SCHEMA_READY,P2,0,Certificati emittente e registri qualità autorizzati; manuale che descrive audit non è verbale audit.,content_reviewed_unique_real_documents; normalized_text_dedupe; template_or_near_duplicate_check,25,document_number; issue_date; issuer_name; recipient_name,quality_iso.rapporto_audit_fornitore; quality_iso.piano_audit
real_estate.ape,APE,real_estate,SCHEMA_READY,P2,0,Fascicolo autorizzato catastale/contrattuale; open data aggregati APE non danno coppie certificato–valori.,content_reviewed_unique_real_documents; normalized_text_dedupe; template_or_near_duplicate_check,25,document_number; issue_date; issuer_name; recipient_name,real_estate.visura_catastale; real_estate.verbale_riconsegna_immobile
real_estate.certificato_agibilita,certificato agibilità,real_estate,SCHEMA_READY,P2,0,Fascicolo autorizzato catastale/contrattuale; open data aggregati APE non danno coppie certificato–valori.,content_reviewed_unique_real_documents; normalized_text_dedupe; template_or_near_duplicate_check,25,document_number; issue_date; issuer_name; recipient_name,payroll_contributions.certificato_agibilita_inps; vehicles_transport.certificato_proprieta_veicolo
real_estate.contratto_comodato,contratto comodato,real_estate,SCHEMA_READY,P2,0,Fascicolo autorizzato catastale/contrattuale; open data aggregati APE non danno coppie certificato–valori.,content_reviewed_unique_real_documents; normalized_text_dedupe; template_or_near_duplicate_check,25,document_number; issue_date; issuer_name; recipient_name,real_estate.contratto_locazione; sales_customers.contratto_vendita
real_estate.contratto_locazione,contratto locazione,real_estate,SCHEMA_READY,P2,0,Fascicolo autorizzato catastale/contrattuale; open data aggregati APE non danno coppie certificato–valori.,content_reviewed_unique_real_documents; normalized_text_dedupe; template_or_near_duplicate_check,25,document_number; issue_date; issuer_name; recipient_name,real_estate.proposta_locazione; real_estate.contratto_comodato
real_estate.planimetria_catastale,planimetria catastale,real_estate,SCHEMA_READY,P2,0,Fascicolo autorizzato catastale/contrattuale; open data aggregati APE non danno coppie certificato–valori.,content_reviewed_unique_real_documents; normalized_text_dedupe; template_or_near_duplicate_check,25,document_number; issue_date; issuer_name; recipient_name,real_estate.visura_catastale; real_estate.verbale_riconsegna_immobile
real_estate.proposta_locazione,proposta di locazione,real_estate,SCHEMA_READY,P2,0,Fascicolo autorizzato catastale/contrattuale; open data aggregati APE non danno coppie certificato–valori.,content_reviewed_unique_real_documents; normalized_text_dedupe; template_or_near_duplicate_check,25,document_number; issue_date; issuer_name; recipient_name,real_estate.contratto_locazione; sales_customers.proposta_commerciale
real_estate.rogito_compravendita,rogito compravendita,real_estate,SCHEMA_READY,P2,0,Fascicolo autorizzato catastale/contrattuale; open data aggregati APE non danno coppie certificato–valori.,content_reviewed_unique_real_documents; normalized_text_dedupe; template_or_near_duplicate_check,25,document_number; issue_date; issuer_name; recipient_name,real_estate.visura_catastale; real_estate.verbale_riconsegna_immobile
real_estate.verbale_consegna_immobile,verbale consegna immobile,real_estate,SCHEMA_READY,P2,0,Fascicolo autorizzato catastale/contrattuale; open data aggregati APE non danno coppie certificato–valori.,content_reviewed_unique_real_documents; normalized_text_dedupe; template_or_near_duplicate_check,25,document_number; issue_date; issuer_name; recipient_name,real_estate.verbale_riconsegna_immobile; vehicles_transport.verbale_consegna_veicolo
real_estate.verbale_riconsegna_immobile,verbale riconsegna immobile,real_estate,SCHEMA_READY,P2,0,Fascicolo autorizzato catastale/contrattuale; open data aggregati APE non danno coppie certificato–valori.,content_reviewed_unique_real_documents; normalized_text_dedupe; template_or_near_duplicate_check,25,document_number; issue_date; issuer_name; recipient_name,real_estate.verbale_consegna_immobile; vehicles_transport.verbale_consegna_veicolo
real_estate.visura_catastale,visura catastale,real_estate,SCHEMA_READY,P2,0,Fascicolo autorizzato catastale/contrattuale; open data aggregati APE non danno coppie certificato–valori.,content_reviewed_unique_real_documents; normalized_text_dedupe; template_or_near_duplicate_check,25,document_number; issue_date; issuer_name; recipient_name,real_estate.planimetria_catastale; corporate_registry.visura_camerale
rentals.contratto_noleggio_breve_termine,contratto noleggio breve termine,rentals,SCHEMA_READY,P2,0,Contratto emesso e verbali autorizzati; condizioni generali solo hard negative se mancano parti e bene.,content_reviewed_unique_real_documents; normalized_text_dedupe; template_or_near_duplicate_check,25,document_number; issue_date; issuer_name; recipient_name,rentals.contratto_noleggio_operativo; sales_customers.contratto_vendita
rentals.contratto_noleggio_operativo,contratto noleggio operativo,rentals,SCHEMA_READY,P2,0,Contratto emesso e verbali autorizzati; condizioni generali solo hard negative se mancano parti e bene.,content_reviewed_unique_real_documents; normalized_text_dedupe; template_or_near_duplicate_check,25,document_number; issue_date; issuer_name; recipient_name,rentals.contratto_noleggio_breve_termine; sales_customers.contratto_vendita
rentals.verbale_consegna_bene_noleggiato,verbale consegna bene noleggiato,rentals,SCHEMA_READY,P2,0,Contratto emesso e verbali autorizzati; condizioni generali solo hard negative se mancano parti e bene.,content_reviewed_unique_real_documents; normalized_text_dedupe; template_or_near_duplicate_check,25,document_number; issue_date; issuer_name; recipient_name,vehicles_transport.verbale_consegna_veicolo; real_estate.verbale_consegna_immobile
sales_crm.forecast_vendite,forecast vendite,sales_crm,SCHEMA_READY,P3,0,Record CRM e snapshot del documento; forecast/visita/incontro richiedono finalità e stato distinti.,content_reviewed_unique_real_documents; normalized_text_dedupe; template_or_near_duplicate_check,25,document_number; issue_date; issuer_name; recipient_name,sales_customers.ordine_cliente; sales_crm.scheda_lead
sales_crm.rapporto_visita_commerciale,rapporto visita commerciale,sales_crm,SCHEMA_READY,P3,0,Record CRM e snapshot del documento; forecast/visita/incontro richiedono finalità e stato distinti.,content_reviewed_unique_real_documents; normalized_text_dedupe; template_or_near_duplicate_check,25,document_number; issue_date; issuer_name; recipient_name,sales_crm.scheda_lead; technical_products.rapporto_prova_laboratorio
sales_crm.scheda_cliente,scheda cliente CRM,sales_crm,SCHEMA_READY,P3,0,Record CRM e snapshot del documento; forecast/visita/incontro richiedono finalità e stato distinti.,content_reviewed_unique_real_documents; normalized_text_dedupe; template_or_near_duplicate_check,25,document_number; issue_date; issuer_name; recipient_name,accounting.scheda_contabile_cliente; sales_crm.verbale_incontro_cliente
sales_crm.scheda_lead,scheda lead commerciale,sales_crm,SCHEMA_READY,P3,0,Record CRM e snapshot del documento; forecast/visita/incontro richiedono finalità e stato distinti.,content_reviewed_unique_real_documents; normalized_text_dedupe; template_or_near_duplicate_check,25,document_number; issue_date; issuer_name; recipient_name,sales_crm.scheda_cliente; sales_crm.rapporto_visita_commerciale
sales_crm.verbale_incontro_cliente,verbale incontro cliente,sales_crm,SCHEMA_READY,P3,0,Record CRM e snapshot del documento; forecast/visita/incontro richiedono finalità e stato distinti.,content_reviewed_unique_real_documents; normalized_text_dedupe; template_or_near_duplicate_check,25,document_number; issue_date; issuer_name; recipient_name,sales_customers.verbale_accettazione_cliente; sales_crm.scheda_cliente
sales_customers.conferma_ordine_cliente,conferma ordine cliente,sales_customers,PRETESTED,P1,1,ERP/CRM/work order + PDF originale; verificare direzione ordine e firma accettazione quando rilevante.,independent_unique_real_positive_documents; independent_layout_or_template_groups; independent_hard_negative_documents; competing_classes_represented; content_only_top1_accuracy; split_group_leakage; regression_contract_pass_rate,25,document_number; issue_date; issuer_name; recipient_name,sales_customers.ordine_cliente; procurement.conferma_ordine
sales_customers.contratto_vendita,contratto vendita,sales_customers,SCHEMA_READY,P1,0,ERP/CRM/work order + PDF originale; verificare direzione ordine e firma accettazione quando rilevante.,content_reviewed_unique_real_documents; normalized_text_dedupe; template_or_near_duplicate_check,25,document_number; issue_date; issuer_name; recipient_name,rentals.contratto_noleggio_operativo; rentals.contratto_noleggio_breve_termine
sales_customers.listino_prezzi_cliente,listino prezzi cliente,sales_customers,SCHEMA_READY,P1,0,ERP/CRM/work order + PDF originale; verificare direzione ordine e firma accettazione quando rilevante.,content_reviewed_unique_real_documents; normalized_text_dedupe; template_or_near_duplicate_check,25,document_number; issue_date; issuer_name; recipient_name,procurement.listino_prezzi_fornitore; sales_customers.verbale_accettazione_cliente
sales_customers.ordine_cliente,ordine cliente,sales_customers,SCHEMA_READY,P1,2,ERP/CRM/work order + PDF originale; verificare direzione ordine e firma accettazione quando rilevante.,content_reviewed_unique_real_documents; normalized_text_dedupe; template_or_near_duplicate_check,25,document_number; issue_date; issuer_name; recipient_name,sales_customers.conferma_ordine_cliente; sales_customers.verbale_accettazione_cliente
sales_customers.proposta_commerciale,proposta commerciale,sales_customers,PRETESTED,P1,0,ERP/CRM/work order + PDF originale; verificare direzione ordine e firma accettazione quando rilevante.,independent_unique_real_positive_documents; independent_layout_or_template_groups; independent_hard_negative_documents; competing_classes_represented; content_only_top1_accuracy; split_group_leakage; regression_contract_pass_rate,25,document_number; issue_date; issuer_name; recipient_name,sales_crm.scheda_lead; sales_crm.rapporto_visita_commerciale
sales_customers.rapportino_intervento,rapporto d’intervento,sales_customers,PRETESTED,P1,1,ERP/CRM/work order + PDF originale; verificare direzione ordine e firma accettazione quando rilevante.,independent_unique_real_positive_documents; independent_layout_or_template_groups; independent_hard_negative_documents; competing_classes_represented; content_only_top1_accuracy; split_group_leakage; regression_contract_pass_rate,25,document_number; issue_date; issuer_name; recipient_name,technical_products.rapporto_prova_laboratorio; sales_crm.rapporto_visita_commerciale
sales_customers.reclamo_cliente,reclamo cliente,sales_customers,SCHEMA_READY,P1,0,ERP/CRM/work order + PDF originale; verificare direzione ordine e firma accettazione quando rilevante.,content_reviewed_unique_real_documents; normalized_text_dedupe; template_or_near_duplicate_check,25,document_number; issue_date; issuer_name; recipient_name,sales_customers.verbale_accettazione_cliente; sales_customers.reso_cliente
sales_customers.reso_cliente,reso cliente,sales_customers,SCHEMA_READY,P1,0,ERP/CRM/work order + PDF originale; verificare direzione ordine e firma accettazione quando rilevante.,content_reviewed_unique_real_documents; normalized_text_dedupe; template_or_near_duplicate_check,25,document_number; issue_date; issuer_name; recipient_name,sales_customers.verbale_accettazione_cliente; sales_customers.reclamo_cliente
sales_customers.verbale_accettazione_cliente,verbale accettazione cliente,sales_customers,SCHEMA_READY,P1,0,ERP/CRM/work order + PDF originale; verificare direzione ordine e firma accettazione quando rilevante.,content_reviewed_unique_real_documents; normalized_text_dedupe; template_or_near_duplicate_check,25,document_number; issue_date; issuer_name; recipient_name,sales_crm.verbale_incontro_cliente; sales_customers.reso_cliente
technical_products.attestazione_provenienza_materia_prima,attestazione provenienza materia prima,technical_products,SCHEMA_READY,P1,0,"PDF dal catalogo ufficiale con codice, lingua e revisione; certificato CAM/DoP/EPD/SDS restano distinti.",content_reviewed_unique_real_documents; normalized_text_dedupe; template_or_near_duplicate_check,25,document_number; issue_date; issuer_name; recipient_name,pnrr_esg.attestazione_parita_genere; accounting.prima_nota
technical_products.dichiarazione_cam,dichiarazione CAM prodotto/materiale,technical_products,SCHEMA_READY,P1,0,"PDF dal catalogo ufficiale con codice, lingua e revisione; certificato CAM/DoP/EPD/SDS restano distinti.",content_reviewed_unique_real_documents; normalized_text_dedupe; template_or_near_duplicate_check,25,document_number; issue_date; issuer_name; recipient_name,technical_products.epd_dichiarazione_ambientale_prodotto; technical_products.scheda_tecnica_prodotto
technical_products.dichiarazione_prestazione_dop,dichiarazione di prestazione DoP,technical_products,SCHEMA_READY,P1,1,"PDF dal catalogo ufficiale con codice, lingua e revisione; certificato CAM/DoP/EPD/SDS restano distinti.",content_reviewed_unique_real_documents; normalized_text_dedupe; template_or_near_duplicate_check,25,document_number; issue_date; issuer_name; recipient_name,technical_products.epd_dichiarazione_ambientale_prodotto; technical_products.dichiarazione_cam
technical_products.epd_dichiarazione_ambientale_prodotto,EPD dichiarazione ambientale di prodotto,technical_products,SCHEMA_READY,P1,1,"PDF dal catalogo ufficiale con codice, lingua e revisione; certificato CAM/DoP/EPD/SDS restano distinti.",content_reviewed_unique_real_documents; normalized_text_dedupe; template_or_near_duplicate_check,25,document_number; issue_date; issuer_name; recipient_name,technical_products.dichiarazione_cam; environment.dichiarazione_emas
technical_products.rapporto_prova_laboratorio,rapporto prova laboratorio,technical_products,SCHEMA_READY,P1,0,"PDF dal catalogo ufficiale con codice, lingua e revisione; certificato CAM/DoP/EPD/SDS restano distinti.",content_reviewed_unique_real_documents; normalized_text_dedupe; template_or_near_duplicate_check,25,document_number; issue_date; issuer_name; recipient_name,sales_customers.rapportino_intervento; sales_crm.rapporto_visita_commerciale
technical_products.scheda_tecnica_prodotto,scheda tecnica prodotto,technical_products,PRETESTED,P1,1,"PDF dal catalogo ufficiale con codice, lingua e revisione; certificato CAM/DoP/EPD/SDS restano distinti.",independent_unique_real_positive_documents; independent_layout_or_template_groups; independent_hard_negative_documents; competing_classes_represented; content_only_top1_accuracy; split_group_leakage; regression_contract_pass_rate,25,document_number; issue_date; issuer_name; recipient_name,technical_products.epd_dichiarazione_ambientale_prodotto; technical_products.dichiarazione_cam
utilities_subscriptions.bolletta_energia_elettrica,bolletta energia elettrica,utilities_subscriptions,SCHEMA_READY,P2,0,Bollette proprie autorizzate + dettaglio consumi stesso POD/PDR e periodo; esempi ARERA solo layout.,content_reviewed_unique_real_documents; normalized_text_dedupe; template_or_near_duplicate_check,25,document_number; issue_date; issuer_name; recipient_name; service_period_start; service_period_end; consumption; total_amount,utilities_subscriptions.bolletta_gas; environment.bolletta_servizio_ambientale
utilities_subscriptions.bolletta_gas,bolletta gas,utilities_subscriptions,SCHEMA_READY,P2,0,Bollette proprie autorizzate + dettaglio consumi stesso POD/PDR e periodo; esempi ARERA solo layout.,content_reviewed_unique_real_documents; normalized_text_dedupe; template_or_near_duplicate_check,25,document_number; issue_date; issuer_name; recipient_name; service_period_start; service_period_end; consumption; total_amount,utilities_subscriptions.bolletta_energia_elettrica; environment.bolletta_servizio_ambientale
utilities_subscriptions.preventivo_fornitura_idrica,preventivo fornitura idrica,utilities_subscriptions,SCHEMA_READY,P2,0,Bollette proprie autorizzate + dettaglio consumi stesso POD/PDR e periodo; esempi ARERA solo layout.,content_reviewed_unique_real_documents; normalized_text_dedupe; template_or_near_duplicate_check,25,document_number; issue_date; issuer_name; recipient_name; service_period_start; service_period_end; consumption; total_amount,procurement.preventivo; procurement.contestazione_fornitura
vehicles_transport.carta_circolazione,carta circolazione,vehicles_transport,SCHEMA_READY,P2,0,"Documenti propri e export TMS/flotta; prova revisione/assicurazione da emittente, immagini esempio non gold.",content_reviewed_unique_real_documents; normalized_text_dedupe; template_or_near_duplicate_check,25,document_number; issue_date; issuer_name; recipient_name,insurance.carta_verde; identity_personal.carta_identita
vehicles_transport.certificato_proprieta_veicolo,certificato proprietà veicolo,vehicles_transport,SCHEMA_READY,P2,0,"Documenti propri e export TMS/flotta; prova revisione/assicurazione da emittente, immagini esempio non gold.",content_reviewed_unique_real_documents; normalized_text_dedupe; template_or_near_duplicate_check,25,document_number; issue_date; issuer_name; recipient_name,vehicles_transport.verbale_consegna_veicolo; vehicles_transport.revisione_veicolo
vehicles_transport.documento_trasporto_rifiuti,documento trasporto rifiuti,vehicles_transport,SCHEMA_READY,P2,0,"Documenti propri e export TMS/flotta; prova revisione/assicurazione da emittente, immagini esempio non gold.",content_reviewed_unique_real_documents; normalized_text_dedupe; template_or_near_duplicate_check,25,document_number; issue_date; issuer_name; recipient_name,environment.registro_rifiuti; environment.informativa_tariffaria_rifiuti
vehicles_transport.lettera_vettura_cmr,lettera vettura CMR,vehicles_transport,SCHEMA_READY,P2,0,"Documenti propri e export TMS/flotta; prova revisione/assicurazione da emittente, immagini esempio non gold.",content_reviewed_unique_real_documents; normalized_text_dedupe; template_or_near_duplicate_check,25,document_number; issue_date; issuer_name; recipient_name,logistics_warehouse.lettera_vettura_aerea_awb; public_procurement.lettera_invito
vehicles_transport.polizza_rca,polizza RCA,vehicles_transport,SCHEMA_READY,P2,0,"Documenti propri e export TMS/flotta; prova revisione/assicurazione da emittente, immagini esempio non gold.",content_reviewed_unique_real_documents; normalized_text_dedupe; template_or_near_duplicate_check,25,document_number; issue_date; issuer_name; recipient_name,logistics_warehouse.polizza_carico_bill_of_lading; insurance.scheda_polizza
vehicles_transport.prospetto_indennita_chilometrica,prospetto indennità chilometrica,vehicles_transport,SCHEMA_READY,P2,0,"Documenti propri e export TMS/flotta; prova revisione/assicurazione da emittente, immagini esempio non gold.",content_reviewed_unique_real_documents; normalized_text_dedupe; template_or_near_duplicate_check,25,document_number; issue_date; issuer_name; recipient_name,payroll_contributions.prospetto_tfr; payroll_contributions.prospetto_ferie_permessi
vehicles_transport.registro_carburante,registro carburante,vehicles_transport,SCHEMA_READY,P2,0,"Documenti propri e export TMS/flotta; prova revisione/assicurazione da emittente, immagini esempio non gold.",content_reviewed_unique_real_documents; normalized_text_dedupe; template_or_near_duplicate_check,25,document_number; issue_date; issuer_name; recipient_name,privacy_gdpr.registro_trattamenti; privacy_gdpr.registro_data_breach
vehicles_transport.revisione_veicolo,revisione veicolo,vehicles_transport,SCHEMA_READY,P2,0,"Documenti propri e export TMS/flotta; prova revisione/assicurazione da emittente, immagini esempio non gold.",content_reviewed_unique_real_documents; normalized_text_dedupe; template_or_near_duplicate_check,25,document_number; issue_date; issuer_name; recipient_name,vehicles_transport.verbale_consegna_veicolo; vehicles_transport.certificato_proprieta_veicolo; assets_maintenance.manuale_uso_manutenzione
vehicles_transport.scheda_tachigrafica,scheda tachigrafica,vehicles_transport,SCHEMA_READY,P2,0,"Documenti propri e export TMS/flotta; prova revisione/assicurazione da emittente, immagini esempio non gold.",content_reviewed_unique_real_documents; normalized_text_dedupe; template_or_near_duplicate_check,25,document_number; issue_date; issuer_name; recipient_name,technical_products.scheda_tecnica_prodotto; sales_crm.scheda_lead
vehicles_transport.verbale_consegna_veicolo,verbale consegna veicolo,vehicles_transport,SCHEMA_READY,P2,0,"Documenti propri e export TMS/flotta; prova revisione/assicurazione da emittente, immagini esempio non gold.",content_reviewed_unique_real_documents; normalized_text_dedupe; template_or_near_duplicate_check,25,document_number; issue_date; issuer_name; recipient_name,rentals.verbale_consegna_bene_noleggiato; real_estate.verbale_consegna_immobile
